id,label,timeset,City_name,State_name
35236,"Tok AK",,"Tok AK","Alaska"
36587,"Deer Harbor WA",,"Deer Harbor WA","Washington"
35235,"Tokeen AK",,"Tokeen AK","Alaska"
35232,"Truckee CA",,"Truckee CA","California"
32103,"Hermiston OR",,"Hermiston OR","Oregon"
35546,"Chesapeake VA",,"Chesapeake VA","Virginia"
35231,"Tenakee AK",,"Tenakee AK","Alaska"
35548,"Leesburg VA",,"Leesburg VA","Virginia"
32232,"Houlton ME",,"Houlton ME","Maine"
33731,"Newport RI",,"Newport RI","Rhode Island"
32235,"Hughes AK",,"Hughes AK","Alaska"
34802,"Staunton VA",,"Staunton VA","Virginia"
35628,"Vero Beach FL",,"Vero Beach FL","Florida"
31002,"Chico CA",,"Chico CA","California"
34713,"Schenectady NY",,"Schenectady NY","New York"
34804,"Shungnak AK",,"Shungnak AK","Alaska"
34805,"Shishmaref AK",,"Shishmaref AK","Alaska"
33564,"McCarthy AK",,"McCarthy AK","Alaska"
34718,"Scammon Bay AK",,"Scammon Bay AK","Alaska"
35626,"Vieques PR",,"Vieques PR","Puerto Rico"
32934,"Leesburg FL",,"Leesburg FL","Florida"
36661,"Marfa TX",,"Marfa TX","Texas"
36662,"Canandaigua NY",,"Canandaigua NY","New York"
36663,"East Haddam CT",,"East Haddam CT","Connecticut"
36664,"Gettysburg PA",,"Gettysburg PA","Pennsylvania"
32932,"Lebanon-Hanover NH",,"Lebanon-Hanover NH","New Hampshire"
30423,"Austin TX",,"Austin TX","Texas"
30424,"Mosinee WI",,"Mosinee WI","Wisconsin"
30925,"Chadron NE",,"Chadron NE","Nebraska"
33574,"May Creek AK",,"May Creek AK","Alaska"
32441,"Jackson WY",,"Jackson WY","Wyoming"
33038,"Laredo TX",,"Laredo TX","Texas"
30050,"Kako AK",,"Kako AK","Alaska"
36101,"Yakima WA",,"Yakima WA","Washington"
33034,"Lanai HI",,"Lanai HI","Hawaii"
33743,"Ceiba PR",,"Ceiba PR","Puerto Rico"
32831,"Kasigluk AK",,"Kasigluk AK","Alaska"
33256,"Mission/McAllen/Edinburg TX",,"Mission/McAllen/Edinburg TX","Texas"
33255,"Mansfield OH",,"Mansfield OH","Ohio"
30194,"Dallas/Fort Worth TX",,"Dallas/Fort Worth TX","Texas"
32719,"Kalskag AK",,"Kalskag AK","Alaska"
32653,"Ekwok AK",,"Ekwok AK","Alaska"
33280,"Thomasville GA",,"Thomasville GA","Georgia"
30198,"Pittsburgh PA",,"Pittsburgh PA","Pennsylvania"
33881,"Winona MN",,"Winona MN","Minnesota"
30216,"Athens GA",,"Athens GA","Georgia"
33259,"Mesquite NV",,"Mesquite NV","Nevada"
35534,"Lorain/Elyria OH",,"Lorain/Elyria OH","Ohio"
32523,"Juneau AK",,"Juneau AK","Alaska"
35530,"Bay St. Louis MS",,"Bay St. Louis MS","Mississippi"
35532,"Monument Valley UT",,"Monument Valley UT","Utah"
34412,"Keyes Point AK",,"Keyes Point AK","Alaska"
35539,"Circle MT",,"Circle MT","Montana"
34716,"Stockton CA",,"Stockton CA","California"
31859,"Galbraith Lake AK",,"Galbraith Lake AK","Alaska"
30511,"Bryce Canyon UT",,"Bryce Canyon UT","Utah"
34938,"Pinehurst/Southern Pines NC",,"Pinehurst/Southern Pines NC","North Carolina"
32228,"Terre Haute IN",,"Terre Haute IN","Indiana"
30693,"Nashville TN",,"Nashville TN","Tennessee"
30519,"Boca Raton FL",,"Boca Raton FL","Florida"
35649,"Hanford CA",,"Hanford CA","California"
32621,"Birch Creek AK",,"Birch Creek AK","Alaska"
32622,"Bell Island AK",,"Bell Island AK","Alaska"
30107,"Barrow AK",,"Barrow AK","Alaska"
32782,"Port Williams AK",,"Port Williams AK","Alaska"
36618,"Quincy MA",,"Quincy MA","Massachusetts"
32785,"Port Bailey AK",,"Port Bailey AK","Alaska"
32784,"Perryville AK",,"Perryville AK","Alaska"
30999,"Chiloquin OR",,"Chiloquin OR","Oregon"
30852,"Washington DC",,"Washington DC","Virginia"
30778,"Battle Creek MI",,"Battle Creek MI","Michigan"
30779,"Butte MT",,"Butte MT","Montana"
30857,"Camarillo CA",,"Camarillo CA","California"
30990,"Charlottesville VA",,"Charlottesville VA","Virginia"
30775,"Barter Island AK",,"Barter Island AK","Alaska"
31274,"Dubuque IA",,"Dubuque IA","Iowa"
34711,"State College PA",,"State College PA","Pennsylvania"
30994,"Charleston SC",,"Charleston SC","South Carolina"
35599,"Kavik River AK",,"Kavik River AK","Alaska"
30996,"Chuathbaluk AK",,"Chuathbaluk AK","Alaska"
32012,"Gunnison CO",,"Gunnison CO","Colorado"
30556,"Blue Fox Bay AK",,"Blue Fox Bay AK","Alaska"
30285,"Durango CO",,"Durango CO","Colorado"
32018,"Gallup NM",,"Gallup NM","New Mexico"
32156,"Helena MT",,"Helena MT","Montana"
32136,"Hillsboro OR",,"Hillsboro OR","Oregon"
35991,"Yakutat AK",,"Yakutat AK","Alaska"
32155,"Holland MI",,"Holland MI","Michigan"
31672,"Fishers Island NY",,"Fishers Island NY","New York"
31673,"Fort Huachuca AZ",,"Fort Huachuca AZ","Arizona"
33770,"Nunapitchuk AK",,"Nunapitchuk AK","Alaska"
30731,"Brunswick GA",,"Brunswick GA","Georgia"
31778,"Fort Smith AR",,"Fort Smith AR","Arkansas"
34987,"Stony River AK",,"Stony River AK","Alaska"
34986,"Sarasota/Bradenton FL",,"Sarasota/Bradenton FL","Florida"
31775,"Sioux Falls SD",,"Sioux Falls SD","South Dakota"
32571,"Beloit/Janesville WI",,"Beloit/Janesville WI","Wisconsin"
34054,"Pendleton OR",,"Pendleton OR","Oregon"
34057,"Portland OR",,"Portland OR","Oregon"
31550,"Emmonak AK",,"Emmonak AK","Alaska"
31165,"Coatesville PA",,"Coatesville PA","Pennsylvania"
34457,"Rapid City SD",,"Rapid City SD","South Dakota"
31555,"Kenai AK",,"Kenai AK","Alaska"
31559,"Nenana AK",,"Nenana AK","Alaska"
31411,"Deering AK",,"Deering AK","Alaska"
36721,"Effingham IL",,"Effingham IL","Illinois"
31003,"Cedar Rapids/Iowa City IA",,"Cedar Rapids/Iowa City IA","Iowa"
35051,"Silver City/Hurley NM",,"Silver City/Hurley NM","New Mexico"
31617,"New Bern/Morehead/Beaufort NC",,"New Bern/Morehead/Beaufort NC","North Carolina"
31481,"Panama City FL",,"Panama City FL","Florida"
36720,"Batesville MS",,"Batesville MS","Mississippi"
33854,"Kokomo/Logansport/Peru IN",,"Kokomo/Logansport/Peru IN","Indiana"
31484,"Edna Bay AK",,"Edna Bay AK","Alaska"
36727,"Placida FL",,"Placida FL","Florida"
36726,"Sanford NC",,"Sanford NC","North Carolina"
36336,"Gasquet CA",,"Gasquet CA","California"
34972,"Sequim WA",,"Sequim WA","Washington"
36442,"Plainville CT",,"Plainville CT","Connecticut"
36443,"Millbrook NY",,"Millbrook NY","New York"
32389,"Williston ND",,"Williston ND","North Dakota"
35351,"Troutdale OR",,"Troutdale OR","Oregon"
30076,"Yukon Charley Rivvers AK",,"Yukon Charley Rivvers AK","Alaska"
30073,"Deadhorse AK",,"Deadhorse AK","Alaska"
31174,"Cortland NY",,"Cortland NY","New York"
35124,"Tanana AK",,"Tanana AK","Alaska"
30070,"Kodiak AK",,"Kodiak AK","Alaska"
34028,"Pack Creek AK",,"Pack Creek AK","Alaska"
30304,"Aniak AK",,"Aniak AK","Alaska"
31076,"Hancock/Houghton MI",,"Hancock/Houghton MI","Michigan"
34623,"Warroad MN",,"Warroad MN","Minnesota"
35278,"Tin City AK",,"Tin City AK","Alaska"
32363,"El Centro CA",,"El Centro CA","California"
35374,"Tupelo MS",,"Tupelo MS","Mississippi"
32474,"Columbia MO",,"Columbia MO","Missouri"
35276,"Winchester TN",,"Winchester TN","Tennessee"
30329,"Naples FL",,"Naples FL","Florida"
31308,"Dothan AL",,"Dothan AL","Alabama"
35275,"Dyersburg TN",,"Dyersburg TN","Tennessee"
31097,"Cody WY",,"Cody WY","Wyoming"
31092,"Moab UT",,"Moab UT","Utah"
34614,"Salt Lake City UT",,"Salt Lake City UT","Utah"
33502,"Montrose/Delta CO",,"Montrose/Delta CO","Colorado"
34750,"Sebring FL",,"Sebring FL","Florida"
34618,"Mary Esther FL",,"Mary Esther FL","Florida"
35982,"Fortuna CA",,"Fortuna CA","California"
31098,"Coeur d'Alene ID",,"Coeur d'Alene ID","Idaho"
31099,"Cocoa Beach FL",,"Cocoa Beach FL","Florida"
33072,"Las Cruces NM",,"Las Cruces NM","New Mexico"
30977,"Chicago IL",,"Chicago IL","Illinois"
33076,"La Crosse WI",,"La Crosse WI","Wisconsin"
36722,"Grants NM",,"Grants NM","New Mexico"
32878,"Lafayette IN",,"Lafayette IN","Indiana"
36539,"Oxford ME",,"Oxford ME","Maine"
36510,"Middletown DE",,"Middletown DE","Delaware"
33507,"Montauk Point NY",,"Montauk Point NY","New York"
30631,"Bemidji MN",,"Bemidji MN","Minnesota"
31399,"Whitmore AZ",,"Whitmore AZ","Arizona"
35754,"Hyder AK",,"Hyder AK","Alaska"
34273,"Port Heiden AK",,"Port Heiden AK","Alaska"
30322,"Altoona PA",,"Altoona PA","Pennsylvania"
32402,"Hilo HI",,"Hilo HI","Hawaii"
36431,"Middlebury VT",,"Middlebury VT","Vermont"
33176,"Mayaguez PR",,"Mayaguez PR","Puerto Rico"
33424,"Modesto CA",,"Modesto CA","California"
35472,"Umiat AK",,"Umiat AK","Alaska"
33350,"Muskogee OK",,"Muskogee OK","Oklahoma"
35478,"Unalakleet AK",,"Unalakleet AK","Alaska"
32610,"Kake AK",,"Kake AK","Alaska"
33211,"Mason City IA",,"Mason City IA","Iowa"
35165,"Toledo OH",,"Toledo OH","Ohio"
33214,"San Antonio TX",,"San Antonio TX","Texas"
35579,"Valdez AK",,"Valdez AK","Alaska"
36133,"Youngstown/Warren OH",,"Youngstown/Warren OH","Ohio"
31953,"Gainesville FL",,"Gainesville FL","Florida"
31952,"Goodnews Bay AK",,"Goodnews Bay AK","Alaska"
31898,"Grand Forks ND",,"Grand Forks ND","North Dakota"
31899,"Glens Falls NY",,"Glens Falls NY","New York"
35570,"Victorville CA",,"Victorville CA","California"
31895,"Great Falls MT",,"Great Falls MT","Montana"
31893,"Greybull WY",,"Greybull WY","Wyoming"
32587,"Portland TN",,"Portland TN","Tennessee"
30558,"Scottsbluff NE",,"Scottsbluff NE","Nebraska"
30559,"Seattle WA",,"Seattle WA","Washington"
33282,"Morgantown WV",,"Morgantown WV","West Virginia"
30414,"Augusta/Waterville ME",,"Augusta/Waterville ME","Maine"
30416,"Alakanuk AK",,"Alakanuk AK","Alaska"
30419,"Auburn AL",,"Auburn AL","Alabama"
33032,"Lancaster PA",,"Lancaster PA","Pennsylvania"
34871,"Salem OR",,"Salem OR","Oregon"
34877,"Salina KS",,"Salina KS","Kansas"
34875,"Saranac Lake/Lake Placid NY",,"Saranac Lake/Lake Placid NY","New York"
30557,"Bradford PA",,"Bradford PA","Pennsylvania"
33771,"Mountain View CA",,"Mountain View CA","California"
32575,"Los Angeles CA",,"Los Angeles CA","California"
32576,"Jackson MI",,"Jackson MI","Michigan"
33772,"Whidbey Island WA",,"Whidbey Island WA","Washington"
35581,"Venetie AK",,"Venetie AK","Alaska"
35582,"Vernal UT",,"Vernal UT","Utah"
36651,"Deadhorse1 AK",,"Deadhorse1 AK","Alaska"
33671,"Patuxent River MD",,"Patuxent River MD","Maryland"
34467,"Roseburg OR",,"Roseburg OR","Oregon"
33674,"Brunswick ME",,"Brunswick ME","Maine"
36689,"Castroville  TX",,"Castroville  TX","Texas"
33676,"Nikolai AK",,"Nikolai AK","Alaska"
32902,"Liberal KS",,"Liberal KS","Kansas"
33851,"Oklahoma City OK",,"Oklahoma City OK","Oklahoma"
33504,"Metlakatla AK",,"Metlakatla AK","Alaska"
32721,"Larsen Bay AK",,"Larsen Bay AK","Alaska"
32720,"Levelock AK",,"Levelock AK","Alaska"
33501,"Marathon FL",,"Marathon FL","Florida"
34275,"Pontiac MI",,"Pontiac MI","Michigan"
30630,"Broomfield CO",,"Broomfield CO","Colorado"
32455,"Jonesboro AR",,"Jonesboro AR","Arkansas"
32195,"Hooper Bay AK",,"Hooper Bay AK","Alaska"
30327,"Napa CA",,"Napa CA","California"
34270,"Port Alexander AK",,"Port Alexander AK","Alaska"
32190,"Hot Springs AR",,"Hot Springs AR","Arkansas"
30324,"Amook Bay AK",,"Amook Bay AK","Alaska"
32294,"Igiugig AK",,"Igiugig AK","Alaska"
32297,"Kingman AZ",,"Kingman AZ","Arizona"
35406,"Tyonek AK",,"Tyonek AK","Alaska"
35401,"Texarkana AR",,"Texarkana AR","Arkansas"
33693,"Naukiti AK",,"Naukiti AK","Alaska"
35634,"Springfield VT",,"Springfield VT","Vermont"
31823,"Fort Wayne IN",,"Fort Wayne IN","Indiana"
30204,"Angoon AK",,"Angoon AK","Alaska"
34646,"Ruidoso NM",,"Ruidoso NM","New Mexico"
31825,"Farewell AK",,"Farewell AK","Alaska"
35862,"Tuntutuliak AK",,"Tuntutuliak AK","Alaska"
31828,"Kaktovik AK",,"Kaktovik AK","Alaska"
31732,"Fort Pierce FL",,"Fort Pierce FL","Florida"
30154,"Nantucket MA",,"Nantucket MA","Massachusetts"
30155,"Waco TX",,"Waco TX","Texas"
30770,"Bartletts AK",,"Bartletts AK","Alaska"
30157,"Arcata/Eureka CA",,"Arcata/Eureka CA","California"
33599,"North Adams MA",,"North Adams MA","Massachusetts"
32755,"New Stuyahok AK",,"New Stuyahok AK","Alaska"
35939,"Jerome ID",,"Jerome ID","Idaho"
32758,"Kona HI",,"Kona HI","Hawaii"
30255,"Huntsville AL",,"Huntsville AL","Alabama"
30158,"Atlantic City NJ",,"Atlantic City NJ","New Jersey"
32549,"Kapolei HI",,"Kapolei HI","Hawaii"
30744,"Burlington IA",,"Burlington IA","Iowa"
30747,"Brownsville TX",,"Brownsville TX","Texas"
31283,"Dodge City KS",,"Dodge City KS","Kansas"
31282,"Decatur AL",,"Decatur AL","Alabama"
30894,"Columbus MS",,"Columbus MS","Mississippi"
31126,"Culebra PR",,"Culebra PR","Puerto Rico"
31695,"Flagstaff AZ",,"Flagstaff AZ","Arizona"
34013,"Palmer AK",,"Palmer AK","Alaska"
30020,"Selawik AK",,"Selawik AK","Alaska"
31123,"St. Louis MO",,"St. Louis MO","Missouri"
31288,"Decatur IL",,"Decatur IL","Illinois"
33827,"Ogallala NE",,"Ogallala NE","Nebraska"
33826,"Ofu TT",,"Ofu TT","U.S. Pacific Trust Territories and Possessions"
32124,"Hilton Head SC",,"Hilton Head SC","South Carolina"
32129,"Hibbing MN",,"Hibbing MN","Minnesota"
30333,"Alpena MI",,"Alpena MI","Michigan"
33415,"Minto AK",,"Minto AK","Alaska"
31233,"Cheyenne WY",,"Cheyenne WY","Wyoming"
31230,"Chatham AK",,"Chatham AK","Alaska"
30361,"Watertown NY",,"Watertown NY","New York"
31603,"Eugene OR",,"Eugene OR","Oregon"
30739,"Brainerd MN",,"Brainerd MN","Minnesota"
34474,"Ruby AK",,"Ruby AK","Alaska"
33052,"La Porte IN",,"La Porte IN","Indiana"
34704,"Salisbury MD",,"Salisbury MD","Maryland"
34470,"Fort Jefferson FL",,"Fort Jefferson FL","Florida"
34125,"Point Lay AK",,"Point Lay AK","Alaska"
34656,"Rocky Mount NC",,"Rocky Mount NC","North Carolina"
31348,"Deming NM",,"Deming NM","New Mexico"
33899,"Ophir AK",,"Ophir AK","Alaska"
34653,"Tulsa OK",,"Tulsa OK","Oklahoma"
34120,"Pierre SD",,"Pierre SD","South Dakota"
35709,"Wales AK",,"Wales AK","Alaska"
34797,"Skagway AK",,"Skagway AK","Alaska"
34794,"St. George UT",,"St. George UT","Utah"
31468,"Kearney NE",,"Kearney NE","Nebraska"
34792,"Sugar Land TX",,"Sugar Land TX","Texas"
34699,"Hayden CO",,"Hayden CO","Colorado"
35700,"Katmai Lodge AK",,"Katmai Lodge AK","Alaska"
33055,"Lopez Island WA",,"Lopez Island WA","Washington"
31197,"Clovis NM",,"Clovis NM","New Mexico"
34559,"Rampart AK",,"Rampart AK","Alaska"
34493,"Red Devil AK",,"Red Devil AK","Alaska"
34492,"Raleigh/Durham NC",,"Raleigh/Durham NC","North Carolina"
36573,"West Dover VT",,"West Dover VT","Vermont"
34557,"Stafford VA",,"Stafford VA","Virginia"
34551,"Bornite/Ruby Creek AK",,"Bornite/Ruby Creek AK","Alaska"
34553,"Rome NY",,"Rome NY","New York"
35074,"Stillwater OK",,"Stillwater OK","Oklahoma"
35380,"Traverse City MI",,"Traverse City MI","Michigan"
35381,"Thief River Falls MN",,"Thief River Falls MN","Minnesota"
32983,"Long Island AK",,"Long Island AK","Alaska"
33139,"Lynchburg VA",,"Lynchburg VA","Virginia"
31431,"Decatur Island WA",,"Decatur Island WA","Washington"
30933,"Chicopee Falls MA",,"Chicopee Falls MA","Massachusetts"
30040,"Pogo Mines AK",,"Pogo Mines AK","Alaska"
33361,"McAlester OK",,"McAlester OK","Oklahoma"
31517,"Fairbanks AK",,"Fairbanks AK","Alaska"
35011,"Starkville MS",,"Starkville MS","Mississippi"
31512,"Cape Newenham AK",,"Cape Newenham AK","Alaska"
31511,"Egegik AK",,"Egegik AK","Alaska"
31510,"Eagle River WI",,"Eagle River WI","Wisconsin"
32615,"Kaltag AK",,"Kaltag AK","Alaska"
30529,"Hartford CT",,"Hartford CT","Connecticut"
35934,"Granite Point AK",,"Granite Point AK","Alaska"
35203,"York PA",,"York PA","Pennsylvania"
33486,"Missoula MT",,"Missoula MT","Montana"
33485,"Madison WI",,"Madison WI","Wisconsin"
33484,"Muscle Shoals AL",,"Muscle Shoals AL","Alabama"
33493,"Monticello NY",,"Monticello NY","New York"
32896,"Lubbock TX",,"Lubbock TX","Texas"
33728,"Pensacola FL",,"Pensacola FL","Florida"
32544,"CONCORD NC",,"CONCORD NC","North Carolina"
32899,"North Platte NE",,"North Platte NE","Nebraska"
32898,"Latrobe PA",,"Latrobe PA","Pennsylvania"
30676,"Belleville IL",,"Belleville IL","Illinois"
31013,"Sault Ste. Marie MI",,"Sault Ste. Marie MI","Michigan"
30237,"Atka AK",,"Atka AK","Alaska"
30257,"Albany NY",,"Albany NY","New York"
34695,"Sheboygan WI",,"Sheboygan WI","Wisconsin"
31992,"Goldsboro NC",,"Goldsboro NC","North Carolina"
32663,"False Pass AK",,"False Pass AK","Alaska"
31997,"Gustavus AK",,"Gustavus AK","Alaska"
31995,"Greensboro/High Point NC",,"Greensboro/High Point NC","North Carolina"
31994,"Goshen IN",,"Goshen IN","Indiana"
32307,"De Kalb IL",,"De Kalb IL","Illinois"
32945,"Lexington KY",,"Lexington KY","Kentucky"
32944,"Lewiston/Auburn ME",,"Lewiston/Auburn ME","Maine"
36694,"Seneca Falls NY",,"Seneca Falls NY","New York"
36690,"Indian Head MD",,"Indian Head MD","Maryland"
35847,"Washington PA",,"Washington PA","Pennsylvania"
33008,"Lake Placid NY",,"Lake Placid NY","New York"
35841,"Wrangell AK",,"Wrangell AK","Alaska"
33434,"Mountain Village AK",,"Mountain Village AK","Alaska"
35842,"Fort Dix NJ",,"Fort Dix NJ","New Jersey"
33003,"Kulik Lake AK",,"Kulik Lake AK","Alaska"
36506,"Brewster WA",,"Brewster WA","Washington"
32822,"Brevig Mission AK",,"Brevig Mission AK","Alaska"
35339,"Tanacross AK",,"Tanacross AK","Alaska"
32769,"Kotlik AK",,"Kotlik AK","Alaska"
32494,"Jamestown NY",,"Jamestown NY","New York"
32315,"Nikolski AK",,"Nikolski AK","Alaska"
33264,"Medford OR",,"Medford OR","Oregon"
30165,"Adak Island AK",,"Adak Island AK","Alaska"
33543,"Marion/Herrin IL",,"Marion/Herrin IL","Illinois"
33540,"Burlington/Mount Vernon WA",,"Burlington/Mount Vernon WA","Washington"
33541,"Martha's Vineyard MA",,"Martha's Vineyard MA","Massachusetts"
33546,"Moses Lake WA",,"Moses Lake WA","Washington"
33547,"Mineral Wells TX",,"Mineral Wells TX","Texas"
32649,"Nanwalek AK",,"Nanwalek AK","Alaska"
31867,"Garden City KS",,"Garden City KS","Kansas"
35504,"Utopia AK",,"Utopia AK","Alaska"
31865,"Gillette WY",,"Gillette WY","Wyoming"
35525,"Petaluma CA",,"Petaluma CA","California"
31862,"Great Barrington MA",,"Great Barrington MA","Massachusetts"
33795,"Jacksonville/Camp Lejeune NC",,"Jacksonville/Camp Lejeune NC","North Carolina"
34306,"Provincetown MA",,"Provincetown MA","Massachusetts"
34044,"Princeton NJ",,"Princeton NJ","New Jersey"
30950,"Cortez CO",,"Cortez CO","Colorado"
35153,"Tuscaloosa AL",,"Tuscaloosa AL","Alabama"
35447,"Waukegan IL",,"Waukegan IL","Illinois"
35446,"Uganik AK",,"Uganik AK","Alaska"
30561,"Bakersfield CA",,"Bakersfield CA","California"
30562,"Mobile AL",,"Mobile AL","Alabama"
31908,"Glasgow MT",,"Glasgow MT","Montana"
31053,"Clarks Point AK",,"Clarks Point AK","Alaska"
30569,"Beaufort SC",,"Beaufort SC","South Carolina"
31905,"Longview TX",,"Longview TX","Texas"
30683,"Bloomington IN",,"Bloomington IN","Indiana"
30685,"Bloomington/Normal IL",,"Bloomington/Normal IL","Illinois"
34905,"Santa Maria CA",,"Santa Maria CA","California"
30687,"Berlin NH",,"Berlin NH","New Hampshire"
33316,"Omaha NE",,"Omaha NE","Nebraska"
31883,"Georgetown DE",,"Georgetown DE","Delaware"
32222,"East Hampton NY",,"East Hampton NY","New York"
32223,"Ashland WV",,"Ashland WV","West Virginia"
30113,"Bethel AK",,"Bethel AK","Alaska"
30114,"Trading Bay AK",,"Trading Bay AK","Alaska"
30666,"Bellingham WA",,"Bellingham WA","Washington"
34194,"Sherman-Denison TX",,"Sherman-Denison TX","Texas"
30661,"Boulder City NV",,"Boulder City NV","Nevada"
31122,"Casper WY",,"Casper WY","Wyoming"
31241,"Cape Romanzof AK",,"Cape Romanzof AK","Alaska"
30849,"Bozeman MT",,"Bozeman MT","Montana"
31245,"Chisana AK",,"Chisana AK","Alaska"
32365,"Williamsport PA",,"Williamsport PA","Pennsylvania"
33947,"Oscoda MI",,"Oscoda MI","Michigan"
33942,"Noorvik AK",,"Noorvik AK","Alaska"
33940,"Northway AK",,"Northway AK","Alaska"
34046,"Pedro Bay AK",,"Pedro Bay AK","Alaska"
33863,"Old Harbor AK",,"Old Harbor AK","Alaska"
33862,"Wolf Point MT",,"Wolf Point MT","Montana"
33865,"Olympia WA",,"Olympia WA","Washington"
33949,"Oshkosh WI",,"Oshkosh WI","Wisconsin"
31764,"East Farmingdale NY",,"East Farmingdale NY","New York"
31280,"Dahl Creek AK",,"Dahl Creek AK","Alaska"
31648,"Kalispell MT",,"Kalispell MT","Montana"
31646,"Friday Harbor WA",,"Friday Harbor WA","Washington"
31441,"DuBois PA",,"DuBois PA","Pennsylvania"
30463,"Grand Canyon AZ",,"Grand Canyon AZ","Arizona"
31641,"Fayetteville NC",,"Fayetteville NC","North Carolina"
33894,"Toksook AK",,"Toksook AK","Alaska"
33890,"Newport OR",,"Newport OR","Oregon"
34234,"Pilot Station AK",,"Pilot Station AK","Alaska"
34237,"Prescott AZ",,"Prescott AZ","Arizona"
34236,"San Luis Obispo CA",,"San Luis Obispo CA","California"
34332,"Plymouth MA",,"Plymouth MA","Massachusetts"
30208,"Augusta GA",,"Augusta GA","Georgia"
34231,"Presque Isle/Houlton ME",,"Presque Isle/Houlton ME","Maine"
34992,"Christiansted VI",,"Christiansted VI","U.S. Virgin Islands"
34993,"Sumter SC",,"Sumter SC","South Carolina"
30015,"Deadmans Bay AK",,"Deadmans Bay AK","Alaska"
34512,"Rockford IL",,"Rockford IL","Illinois"
30016,"Hallo Bay AK",,"Hallo Bay AK","Alaska"
30011,"Peach Springs AZ",,"Peach Springs AZ","Arizona"
35063,"Sparrevohn AK",,"Sparrevohn AK","Alaska"
31545,"Elfin Cove AK",,"Elfin Cove AK","Alaska"
34691,"San Bernardino CA",,"San Bernardino CA","California"
34696,"South Bend IN",,"South Bend IN","Indiana"
34167,"Port Moller AK",,"Port Moller AK","Alaska"
30385,"Astoria/Seaside OR",,"Astoria/Seaside OR","Oregon"
32207,"Harrison AR",,"Harrison AR","Arkansas"
35356,"Trenton NJ",,"Trenton NJ","New Jersey"
31938,"Gaylord MI",,"Gaylord MI","Michigan"
30380,"Talladega AL",,"Talladega AL","Alabama"
32888,"Laramie WY",,"Laramie WY","Wyoming"
35656,"Saratoga Springs NY",,"Saratoga Springs NY","New York"
30670,"Belmar/Farmingdale NJ",,"Belmar/Farmingdale NJ","New Jersey"
31492,"Eek AK",,"Eek AK","Alaska"
31493,"Keene NH",,"Keene NH","New Hampshire"
32177,"Hobbs NM",,"Hobbs NM","New Mexico"
35601,"Visalia CA",,"Visalia CA","California"
31856,"Great Bend KS",,"Great Bend KS","Kansas"
35798,"Napakiak AK",,"Napakiak AK","Alaska"
34424,"Woodlake CA",,"Woodlake CA","California"
34433,"Santa Rosa CA",,"Santa Rosa CA","California"
30064,"Wien Lake AK",,"Wien Lake AK","Alaska"
30065,"Silver Salmon Creek AK",,"Silver Salmon Creek AK","Alaska"
34588,"Roswell NM",,"Roswell NM","New Mexico"
34582,"Rota TT",,"Rota TT","U.S. Pacific Trust Territories and Possessions"
33198,"Kansas City MO",,"Kansas City MO","Missouri"
31331,"Dunkirk NY",,"Dunkirk NY","New York"
31337,"Duluth MN",,"Duluth MN","Minnesota"
31336,"Dillingham AK",,"Dillingham AK","Alaska"
34761,"Sanford FL",,"Sanford FL","Florida"
32467,"Miami FL",,"Miami FL","Florida"
33192,"Sacramento CA",,"Sacramento CA","California"
33195,"Tampa FL",,"Tampa FL","Florida"
33194,"Merced CA",,"Merced CA","California"
34769,"Sanford ME",,"Sanford ME","Maine"
33196,"McGrath AK",,"McGrath AK","Alaska"
34435,"San Marcos TX",,"San Marcos TX","Texas"
33714,"Naknek AK",,"Naknek AK","Alaska"
35273,"Pulaski TN",,"Pulaski TN","Tennessee"
34601,"Nixon Fork Mine AK",,"Nixon Fork Mine AK","Alaska"
32866,"Karluk AK",,"Karluk AK","Alaska"
30946,"Connersville IN",,"Connersville IN","Indiana"
30945,"Clemson SC",,"Clemson SC","South Carolina"
36546,"Bend OR",,"Bend OR","Oregon"
33046,"London/Corbin KY",,"London/Corbin KY","Kentucky"
32348,"Winston-Salem NC",,"Winston-Salem NC","North Carolina"
33044,"Louisville KY",,"Louisville KY","Kentucky"
31423,"Des Moines IA",,"Des Moines IA","Iowa"
31421,"Destin FL",,"Destin FL","Florida"
36390,"Beluga AK",,"Beluga AK","Alaska"
32016,"Guam TT",,"Guam TT","U.S. Pacific Trust Territories and Possessions"
30041,"Ayakulik River AK",,"Ayakulik River AK","Alaska"
33348,"Jackson TN",,"Jackson TN","Tennessee"
33619,"Gastonia NC",,"Gastonia NC","North Carolina"
33344,"Muskegon MI",,"Muskegon MI","Michigan"
32214,"Huslia AK",,"Huslia AK","Alaska"
32600,"Little Rock AR",,"Little Rock AR","Arkansas"
33347,"Hoolehua HI",,"Hoolehua HI","Hawaii"
32211,"Las Vegas NV",,"Las Vegas NV","Nevada"
33342,"Milwaukee WI",,"Milwaukee WI","Wisconsin"
31941,"Golovin AK",,"Golovin AK","Alaska"
32598,"Arlington TX",,"Arlington TX","Texas"
35569,"Victoria TX",,"Victoria TX","Texas"
36679,"Dune Lake AK",,"Dune Lake AK","Alaska"
34863,"Skwentna AK",,"Skwentna AK","Alaska"
32556,"St. Cloud MN",,"St. Cloud MN","Minnesota"
34945,"Charlotte Amalie VI",,"Charlotte Amalie VI","U.S. Virgin Islands"
32591,"Hog River AK",,"Hog River AK","Alaska"
34943,"Show Low AZ",,"Show Low AZ","Arizona"
34942,"Seldovia AK",,"Seldovia AK","Alaska"
35849,"Wasilla AK",,"Wasilla AK","Alaska"
33290,"Manhattan/Ft. Riley KS",,"Manhattan/Ft. Riley KS","Kansas"
31335,"Del Rio TX",,"Del Rio TX","Texas"
34617,"Comanche TX",,"Comanche TX","Texas"
30405,"Atmautluak AK",,"Atmautluak AK","Alaska"
30408,"Appleton WI",,"Appleton WI","Wisconsin"
30409,"Watertown SD",,"Watertown SD","South Dakota"
30732,"Aguadilla PR",,"Aguadilla PR","Puerto Rico"
32268,"Kiana AK",,"Kiana AK","Alaska"
32185,"Huron SD",,"Huron SD","South Dakota"
35245,"Teller AK",,"Teller AK","Alaska"
33767,"Nuiqsut AK",,"Nuiqsut AK","Alaska"
34289,"Price UT",,"Price UT","Utah"
32916,"Laconia NH",,"Laconia NH","New Hampshire"
33029,"Lincoln NE",,"Lincoln NE","Nebraska"
33768,"Nulato AK",,"Nulato AK","Alaska"
32265,"Niagara Falls NY",,"Niagara Falls NY","New York"
35249,"Tallahassee FL",,"Tallahassee FL","Florida"
35248,"Telida AK",,"Telida AK","Alaska"
32737,"Manokotak AK",,"Manokotak AK","Alaska"
30581,"Bangor ME",,"Bangor ME","Maine"
36534,"Hampton NH",,"Hampton NH","New Hampshire"
33536,"Kayenta AZ",,"Kayenta AZ","Arizona"
34268,"Port Alsworth AK",,"Port Alsworth AK","Alaska"
30620,"Billings MT",,"Billings MT","Montana"
34262,"Palm Springs CA",,"Palm Springs CA","California"
30627,"Bismarck/Mandan ND",,"Bismarck/Mandan ND","North Dakota"
34477,"Roche Harbor WA",,"Roche Harbor WA","Washington"
32951,"Lafayette LA",,"Lafayette LA","Louisiana"
35412,"Knoxville TN",,"Knoxville TN","Tennessee"
32280,"Idaho Falls ID",,"Idaho Falls ID","Idaho"
35411,"Tyler TX",,"Tyler TX","Texas"
32321,"Iliamna AK",,"Iliamna AK","Alaska"
32320,"Wilmington DE",,"Wilmington DE","Delaware"
32323,"Wilmington NC",,"Wilmington NC","North Carolina"
32324,"Wilmington OH",,"Wilmington OH","Ohio"
31728,"Westhampton NY",,"Westhampton NY","New York"
33685,"Berlin NJ",,"Berlin NJ","New Jersey"
31931,"Greenville MS",,"Greenville MS","Mississippi"
30948,"Chena Hot Springs AK",,"Chena Hot Springs AK","Alaska"
31834,"Fayetteville AR",,"Fayetteville AR","Arkansas"
31721,"Flint MI",,"Flint MI","Michigan"
32955,"LaGrange GA",,"LaGrange GA","Georgia"
31725,"Fort Dodge IA",,"Fort Dodge IA","Iowa"
31726,"Topeka KS",,"Topeka KS","Kansas"
31833,"Fort Yukon AK",,"Fort Yukon AK","Alaska"
33226,"Middleton Island AK",,"Middleton Island AK","Alaska"
30122,"Apalachicola FL",,"Apalachicola FL","Florida"
33221,"Carbondale IL",,"Carbondale IL","Illinois"
30241,"Akiak AK",,"Akiak AK","Alaska"
30243,"Akhiok AK",,"Akhiok AK","Alaska"
34895,"St. Michael AK",,"St. Michael AK","Alaska"
30245,"King Salmon AK",,"King Salmon AK","Alaska"
34897,"Salmon ID",,"Salmon ID","Idaho"
30247,"Anaktuvuk Pass AK",,"Anaktuvuk Pass AK","Alaska"
31463,"Eagle AK",,"Eagle AK","Alaska"
31295,"Detroit MI",,"Detroit MI","Michigan"
32633,"Coffman Cove AK",,"Coffman Cove AK","Alaska"
34371,"Culpeper VA",,"Culpeper VA","Virginia"
31299,"Danger Bay AK",,"Danger Bay AK","Alaska"
30053,"Cape Simpson AK",,"Cape Simpson AK","Alaska"
30052,"Ptarmigan Lake AK",,"Ptarmigan Lake AK","Alaska"
34006,"Paducah KY",,"Paducah KY","Kentucky"
34259,"Portsmouth NH",,"Portsmouth NH","New Hampshire"
34004,"Everett WA",,"Everett WA","Washington"
30056,"Kodiak Island AK",,"Kodiak Island AK","Alaska"
30184,"Allakaket AK",,"Allakaket AK","Alaska"
33832,"Ogdensburg NY",,"Ogdensburg NY","New York"
33830,"Kahului HI",,"Kahului HI","Hawaii"
32134,"Honolulu HI",,"Honolulu HI","Hawaii"
36346,"Clover Bay AK",,"Clover Bay AK","Alaska"
36345,"Saltery Cove AK",,"Saltery Cove AK","Alaska"
32039,"Greenwood MS",,"Greenwood MS","Mississippi"
32131,"Ogden UT",,"Ogden UT","Utah"
32132,"Lake Havasu City AZ",,"Lake Havasu City AZ","Arizona"
36340,"Chomondely Sound AK",,"Chomondely Sound AK","Alaska"
31615,"New Bedford/Fall River MA",,"New Bedford/Fall River MA","Massachusetts"
34092,"Greenville NC",,"Greenville NC","North Carolina"
31612,"Evansville IN",,"Evansville IN","Indiana"
35385,"Twin Hills AK",,"Twin Hills AK","Alaska"
31464,"Noatak AK",,"Noatak AK","Alaska"
31619,"Excursion Inlet AK",,"Excursion Inlet AK","Alaska"
31027,"Clarksburg/Fairmont WV",,"Clarksburg/Fairmont WV","West Virginia"
34468,"Brooks Lodge AK",,"Brooks Lodge AK","Alaska"
34303,"Pullman WA",,"Pullman WA","Washington"
35855,"Westerly RI",,"Westerly RI","Rhode Island"
34252,"Pasco/Kennewick/Richland WA",,"Pasco/Kennewick/Richland WA","Washington"
31205,"Lake Charles LA",,"Lake Charles LA","Louisiana"
31756,"Fort Glenn AK",,"Fort Glenn AK","Alaska"
34464,"Ugashik AK",,"Ugashik AK","Alaska"
30224,"Aiken SC",,"Aiken SC","South Carolina"
35853,"South Naknek AK",,"South Naknek AK","Alaska"
31702,"Flat AK",,"Flat AK","Alaska"
31577,"Erie PA",,"Erie PA","Pennsylvania"
30225,"Wainwright AK",,"Wainwright AK","Alaska"
33809,"Ocala FL",,"Ocala FL","Florida"
31479,"Elizabeth City NC",,"Elizabeth City NC","North Carolina"
34130,"Napaskiak AK",,"Napaskiak AK","Alaska"
34131,"Parkersburg WV",,"Parkersburg WV","West Virginia"
34648,"Rutland VT",,"Rutland VT","Vermont"
33520,"Kamuela HI",,"Kamuela HI","Hawaii"
35731,"Chandalar AK",,"Chandalar AK","Alaska"
31470,"Wenatchee WA",,"Wenatchee WA","Washington"
31471,"Eau Claire WI",,"Eau Claire WI","Wisconsin"
34024,"Pine Bluff AR",,"Pine Bluff AR","Arkansas"
34485,"Red Dog AK",,"Red Dog AK","Alaska"
31188,"Cube Cove AK",,"Cube Cove AK","Alaska"
34255,"Pittsfield MA",,"Pittsfield MA","Massachusetts"
36517,"Monroeville AL",,"Monroeville AL","Alabama"
34520,"Rhinelander WI",,"Rhinelander WI","Wisconsin"
30221,"Alliance NE",,"Alliance NE","Nebraska"
34524,"Richmond VA",,"Richmond VA","Virginia"
34488,"Reading PA",,"Reading PA","Pennsylvania"
34489,"Bend/Redmond OR",,"Bend/Redmond OR","Oregon"
36460,"Michellville MD",,"Michellville MD","Maryland"
33121,"Lewisburg WV",,"Lewisburg WV","West Virginia"
36469,"Montague MA",,"Montague MA","Massachusetts"
33125,"Lawrence MA",,"Lawrence MA","Massachusetts"
31699,"Florence SC",,"Florence SC","South Carolina"
33127,"Lewiston ID",,"Lewiston ID","Idaho"
31501,"Chenega AK",,"Chenega AK","Alaska"
31050,"Port Angeles WA",,"Port Angeles WA","Washington"
31503,"Eagle CO",,"Eagle CO","Colorado"
31504,"Valparaiso FL",,"Valparaiso FL","Florida"
31057,"Charlotte NC",,"Charlotte NC","North Carolina"
31506,"Eagle Pass TX",,"Eagle Pass TX","Texas"
31058,"Columbus IN",,"Columbus IN","Indiana"
32868,"Koyukuk AK",,"Koyukuk AK","Alaska"
36648,"Brady TX",,"Brady TX","Texas"
33490,"Massena NY",,"Massena NY","New York"
31986,"Grand Rapids MI",,"Grand Rapids MI","Michigan"
32869,"Zachar Bay AK",,"Zachar Bay AK","Alaska"
31980,"Grand Island NE",,"Grand Island NE","Nebraska"
33495,"New Orleans LA",,"New Orleans LA","Louisiana"
31982,"Killeen TX",,"Killeen TX","Texas"
32559,"Johnstown PA",,"Johnstown PA","Pennsylvania"
32884,"Lansing MI",,"Lansing MI","Michigan"
35215,"Tinian TT",,"Tinian TT","U.S. Pacific Trust Territories and Possessions"
33710,"Nightmute AK",,"Nightmute AK","Alaska"
33377,"Monroe LA",,"Monroe LA","Louisiana"
33715,"Nondalton AK",,"Nondalton AK","Alaska"
32448,"Jackson/Vicksburg MS",,"Jackson/Vicksburg MS","Mississippi"
34828,"Sitka AK",,"Sitka AK","Alaska"
32314,"Kankakee IL",,"Kankakee IL","Illinois"
34738,"Sandpoint AK",,"Sandpoint AK","Alaska"
34630,"Ruston LA",,"Ruston LA","Louisiana"
35069,"Seward AK",,"Seward AK","Alaska"
35042,"Sunriver OR",,"Sunriver OR","Oregon"
34119,"Pilot Point AK",,"Pilot Point AK","Alaska"
33016,"Lake Minchumina AK",,"Lake Minchumina AK","Alaska"
31198,"Corvallis OR",,"Corvallis OR","Oregon"
32956,"La Grande OR",,"La Grande OR","Oregon"
33398,"Morristown NJ",,"Morristown NJ","New Jersey"
36685,"Brockport NY",,"Brockport NY","New York"
36683,"Encino TX",,"Encino TX","Texas"
35856,"Westsound WA",,"Westsound WA","Washington"
31375,"Dover DE",,"Dover DE","Delaware"
35323,"Bristol/Johnson City/Kingsport TN",,"Bristol/Johnson City/Kingsport TN","Tennessee"
33158,"Midland/Odessa TX",,"Midland/Odessa TX","Texas"
30325,"Denver CO",,"Denver CO","Colorado"
33155,"Macon GA",,"Macon GA","Georgia"
35282,"Tununak AK",,"Tununak AK","Alaska"
36514,"Petersburg WV",,"Petersburg WV","West Virginia"
36515,"West Chester PA",,"West Chester PA","Pennsylvania"
33151,"Lawrenceville GA",,"Lawrenceville GA","Georgia"
31007,"Chalkyitsik AK",,"Chalkyitsik AK","Alaska"
32815,"Thorne Bay AK",,"Thorne Bay AK","Alaska"
33152,"Edgartown MA",,"Edgartown MA","Massachusetts"
32671,"Koliganek AK",,"Koliganek AK","Alaska"
32779,"Kipnuk AK",,"Kipnuk AK","Alaska"
32676,"Grayling AK",,"Grayling AK","Alaska"
32772,"Ouzinkie AK",,"Ouzinkie AK","Alaska"
32773,"Point Baker AK",,"Point Baker AK","Alaska"
32771,"Olga Bay AK",,"Olga Bay AK","Alaska"
30172,"Camp Springs MD",,"Camp Springs MD","Maryland"
30938,"Central AK",,"Central AK","Alaska"
32774,"Port Clarence AK",,"Port Clarence AK","Alaska"
31870,"Greeneville TN",,"Greeneville TN","Tennessee"
31871,"Greer SC",,"Greer SC","South Carolina"
35458,"Ukiah CA",,"Ukiah CA","California"
31638,"Fresno CA",,"Fresno CA","California"
33785,"Yuma AZ",,"Yuma AZ","Arizona"
34113,"Pocatello ID",,"Pocatello ID","Idaho"
33781,"Kingston NY",,"Kingston NY","New York"
35454,"Quincy IL",,"Quincy IL","Illinois"
33783,"Oneonta NY",,"Oneonta NY","New York"
31979,"Tacoma WA",,"Tacoma WA","Washington"
35003,"Stuart Island WA",,"Stuart Island WA","Washington"
34778,"Smithfield RI",,"Smithfield RI","Rhode Island"
30577,"Binghamton NY",,"Binghamton NY","New York"
34855,"Sitkinak AK",,"Sitkinak AK","Alaska"
31973,"Gulfport/Biloxi MS",,"Gulfport/Biloxi MS","Mississippi"
34856,"Shaktoolik AK",,"Shaktoolik AK","Alaska"
31975,"Galion OH",,"Galion OH","Ohio"
35511,"Uvalde TX",,"Uvalde TX","Texas"
31977,"Green Bay WI",,"Green Bay WI","Wisconsin"
32250,"Hyannis MA",,"Hyannis MA","Massachusetts"
32253,"Hollis AK",,"Hollis AK","Alaska"
32252,"Hydaburg AK",,"Hydaburg AK","Alaska"
33304,"Minot ND",,"Minot ND","North Dakota"
33307,"Muncie/Anderson/Newcastle IN",,"Muncie/Anderson/Newcastle IN","Indiana"
32390,"Kinston NC",,"Kinston NC","North Carolina"
32392,"Manistique MI",,"Manistique MI","Michigan"
36638,"Shaw Island WA",,"Shaw Island WA","Washington"
32394,"Wiscasset ME",,"Wiscasset ME","Maine"
30476,"Shreveport LA",,"Shreveport LA","Louisiana"
32397,"Ithaca/Cortland NY",,"Ithaca/Cortland NY","New York"
32171,"Hoonah AK",,"Hoonah AK","Alaska"
34295,"Poulsbo WA",,"Poulsbo WA","Washington"
35389,"Twin Falls ID",,"Twin Falls ID","Idaho"
32174,"Hana HI",,"Hana HI","Hawaii"
30879,"Caribou ME",,"Caribou ME","Maine"
30654,"Beckley WV",,"Beckley WV","West Virginia"
30713,"Boise ID",,"Boise ID","Idaho"
30300,"Anderson SC",,"Anderson SC","South Carolina"
30715,"Brookings OR",,"Brookings OR","Oregon"
32079,"Hobart Bay AK",,"Hobart Bay AK","Alaska"
33970,"Kotzebue AK",,"Kotzebue AK","Alaska"
32370,"Circle AK",,"Circle AK","Alaska"
31879,"Glendive MT",,"Glendive MT","Montana"
33873,"Nome AK",,"Nome AK","Alaska"
35138,"Fort Leonard Wood MO",,"Fort Leonard Wood MO","Missouri"
31719,"Fort Collins/Loveland CO",,"Fort Collins/Loveland CO","Colorado"
30781,"Baton Rouge LA",,"Baton Rouge LA","Louisiana"
35012,"St. George Island AK",,"St. George Island AK","Alaska"
30783,"Bettles AK",,"Bettles AK","Alaska"
30785,"Burlington VT",,"Burlington VT","Vermont"
31714,"Fort Myers FL",,"Fort Myers FL","Florida"
31650,"Minneapolis MN",,"Minneapolis MN","Minnesota"
31656,"Frederick MD",,"Frederick MD","Maryland"
34919,"St. Paul AK",,"St. Paul AK","Alaska"
34222,"Pago Pago TT",,"Pago Pago TT","U.S. Pacific Trust Territories and Possessions"
32087,"Holy Cross AK",,"Holy Cross AK","Alaska"
30275,"Walla Walla WA",,"Walla Walla WA","Washington"
33572,"Marble Canyon AZ",,"Marble Canyon AZ","Arizona"
33570,"San Diego CA",,"San Diego CA","California"
30279,"Amarillo TX",,"Amarillo TX","Texas"
30278,"Lazy Bay AK",,"Lazy Bay AK","Alaska"
30372,"Aspen CO",,"Aspen CO","Colorado"
36704,"Gerlach NV",,"Gerlach NV","Nevada"
33579,"Mekoryuk AK",,"Mekoryuk AK","Alaska"
30006,"Kizhuyak AK",,"Kizhuyak AK","Alaska"
30007,"Klawock AK",,"Klawock AK","Alaska"
31028,"Crooked Creek AK",,"Crooked Creek AK","Alaska"
32547,"Rochester MN",,"Rochester MN","Minnesota"
32631,"Chignik Lake AK",,"Chignik Lake AK","Alaska"
31531,"El Dorado AR",,"El Dorado AR","Arkansas"
35481,"Oxford MS",,"Oxford MS","Mississippi"
35177,"Telluride CO",,"Telluride CO","Colorado"
31535,"Elim AK",,"Elim AK","Alaska"
31537,"Elmira/Corning NY",,"Elmira/Corning NY","New York"
30009,"Homer AK",,"Homer AK","Alaska"
30396,"Atqasuk AK",,"Atqasuk AK","Alaska"
30397,"Atlanta GA",,"Atlanta GA","Georgia"
35882,"Cape May NJ",,"Cape May NJ","New Jersey"
35885,"Whale Pass AK",,"Whale Pass AK","Alaska"
34062,"Pelican AK",,"Pelican AK","Alaska"
35887,"Newtok AK",,"Newtok AK","Alaska"
32412,"Ironwood MI",,"Ironwood MI","Michigan"
36709,"Gorham NH",,"Gorham NH","New Hampshire"
36708,"Mount Vernon OH",,"Mount Vernon OH","Ohio"
36707,"Franklin NC",,"Franklin NC","North Carolina"
36706,"New Jersey NJ",,"New Jersey NJ","New Jersey"
36339,"Illinois Creek AK",,"Illinois Creek AK","Alaska"
36703,"Ticonderoga NY",,"Ticonderoga NY","New York"
36702,"Nakochna AK",,"Nakochna AK","Alaska"
36701,"Millersburg OH",,"Millersburg OH","Ohio"
36700,"Bridgewater VA",,"Bridgewater VA","Virginia"
35108,"Knob Noster MO",,"Knob Noster MO","Missouri"
32599,"Bennington VT",,"Bennington VT","Vermont"
34454,"Riverside CA",,"Riverside CA","California"
31252,"Daytona Beach FL",,"Daytona Beach FL","Florida"
35344,"Tehachapi CA",,"Tehachapi CA","California"
31624,"Key West FL",,"Key West FL","Florida"
31627,"Murrieta/Temecula CA",,"Murrieta/Temecula CA","California"
31150,"Columbus GA",,"Columbus GA","Georgia"
31445,"Unalaska AK",,"Unalaska AK","Alaska"
31447,"Devils Lake ND",,"Devils Lake ND","North Dakota"
30930,"Crescent City CA",,"Crescent City CA","California"
36488,"Skaneateles NY",,"Skaneateles NY","New York"
33182,"Manistee/Ludington MI",,"Manistee/Ludington MI","Michigan"
35310,"Temple TX",,"Temple TX","Texas"
35061,"Stevens Village AK",,"Stevens Village AK","Alaska"
32457,"San Francisco CA",,"San Francisco CA","California"
32891,"Lawton/Fort Sill OK",,"Lawton/Fort Sill OK","Oklahoma"
33184,"Saginaw/Bay City/Midland MI",,"Saginaw/Bay City/Midland MI","Michigan"
34576,"Rochester NY",,"Rochester NY","New York"
34577,"Rogers AR",,"Rogers AR","Arkansas"
34574,"Roanoke VA",,"Roanoke VA","Virginia"
34572,"Renton WA",,"Renton WA","Washington"
34570,"Reno NV",,"Reno NV","Nevada"
34670,"Saratoga WY",,"Saratoga WY","Wyoming"
32492,"Kapalua HI",,"Kapalua HI","Hawaii"
35085,"Sheldon Point AK",,"Sheldon Point AK","Alaska"
34674,"Santa Fe NM",,"Santa Fe NM","New Mexico"
35086,"Soldotna AK",,"Soldotna AK","Alaska"
33111,"Cape Lisburne AK",,"Cape Lisburne AK","Alaska"
36553,"Akun AK",,"Akun AK","Alaska"
33115,"Lime Village AK",,"Lime Village AK","Alaska"
33117,"Livermore CA",,"Livermore CA","California"
32857,"Kasaan AK",,"Kasaan AK","Alaska"
32855,"Kwethluk AK",,"Kwethluk AK","Alaska"
32854,"West Point AK",,"West Point AK","Alaska"
32853,"Quinhagak AK",,"Quinhagak AK","Alaska"
36631,"Fitiuta Village TT",,"Fitiuta Village TT","U.S. Pacific Trust Territories and Possessions"
32851,"Kwigillingok AK",,"Kwigillingok AK","Alaska"
31430,"Denton TX",,"Denton TX","Texas"
34685,"Savannah GA",,"Savannah GA","Georgia"
30478,"Westfield MA",,"Westfield MA","Massachusetts"
31434,"Durant OK",,"Durant OK","Oklahoma"
32255,"Hays KS",,"Hays KS","Kansas"
35774,"Aleknagik AK",,"Aleknagik AK","Alaska"
34689,"Santa Barbara CA",,"Santa Barbara CA","California"
34025,"Plattsburgh NY",,"Plattsburgh NY","New York"
35554,"Chevak AK",,"Chevak AK","Alaska"
35221,"Titusville FL",,"Titusville FL","Florida"
35498,"Heber UT",,"Heber UT","Utah"
35550,"Valdosta GA",,"Valdosta GA","Georgia"
32206,"Harlingen/San Benito TX",,"Harlingen/San Benito TX","Texas"
35497,"St. Augustine FL",,"St. Augustine FL","Florida"
34027,"West Palm Beach/Palm Beach FL",,"West Palm Beach/Palm Beach FL","Florida"
30400,"Athens OH",,"Athens OH","Ohio"
35794,"White Mountain AK",,"White Mountain AK","Alaska"
34812,"Sheridan WY",,"Sheridan WY","Wyoming"
35793,"Meyers Chuck AK",,"Meyers Chuck AK","Alaska"
34816,"Shageluk AK",,"Shageluk AK","Alaska"
34819,"San Juan PR",,"San Juan PR","Puerto Rico"
34952,"Springfield IL",,"Springfield IL","Illinois"
35650,"Chelan WA",,"Chelan WA","Washington"
34955,"Saipan TT",,"Saipan TT","U.S. Pacific Trust Territories and Possessions"
33297,"Mojave CA",,"Mojave CA","California"
36677,"Smith Bay AK",,"Smith Bay AK","Alaska"
33756,"Port Hueneme CA",,"Port Hueneme CA","California"
30436,"Tucson AZ",,"Tucson AZ","Arizona"
30434,"Scranton/Wilkes-Barre PA",,"Scranton/Wilkes-Barre PA","Pennsylvania"
30431,"Asheville NC",,"Asheville NC","North Carolina"
35250,"Tatalina AK",,"Tatalina AK","Alaska"
32511,"Joplin MO",,"Joplin MO","Missouri"
33450,"Montpelier/Barre VT",,"Montpelier/Barre VT","Vermont"
35257,"Tuluksak AK",,"Tuluksak AK","Alaska"
33024,"Klamath Falls OR",,"Klamath Falls OR","Oregon"
32519,"Jamestown ND",,"Jamestown ND","North Dakota"
33459,"Marquette MI",,"Marquette MI","Michigan"
33244,"Memphis TN",,"Memphis TN","Tennessee"
30185,"Alexandria LA",,"Alexandria LA","Louisiana"
33934,"Port Lions AK",,"Port Lions AK","Alaska"
33933,"Worcester MA",,"Worcester MA","Massachusetts"
30599,"Birmingham AL",,"Birmingham AL","Alabama"
32705,"Kitoi Bay AK",,"Kitoi Bay AK","Alaska"
32704,"Koyuk AK",,"Koyuk AK","Alaska"
33868,"Nogales AZ",,"Nogales AZ","Arizona"
33525,"Mountain Home ID",,"Mountain Home ID","Idaho"
32709,"Akiachak AK",,"Akiachak AK","Alaska"
32708,"Kongiganak AK",,"Kongiganak AK","Alaska"
30590,"Bullhead City AZ",,"Bullhead City AZ","Arizona"
34256,"Petersburg AK",,"Petersburg AK","Alaska"
30189,"Colorado Springs CO",,"Colorado Springs CO","Colorado"
34254,"Ponce PR",,"Ponce PR","Puerto Rico"
35427,"Chatham MA",,"Chatham MA","Massachusetts"
32332,"Imperial NE",,"Imperial NE","Nebraska"
32337,"Indianapolis IN",,"Indianapolis IN","Indiana"
32335,"Iron Mountain/Kingsfd MI",,"Iron Mountain/Kingsfd MI","Michigan"
31924,"Gulkana AK",,"Gulkana AK","Alaska"
36353,"North Kingstown RI",,"North Kingstown RI","Rhode Island"
31921,"Grand Junction CO",,"Grand Junction CO","Colorado"
31840,"Gadsden AL",,"Gadsden AL","Alabama"
31538,"Ellensburg WA",,"Ellensburg WA","Washington"
31842,"Gaithersburg MD",,"Gaithersburg MD","Maryland"
31845,"Gambell AK",,"Gambell AK","Alaska"
31844,"Galena AK",,"Galena AK","Alaska"
34922,"Monterey CA",,"Monterey CA","California"
33983,"Owensboro KY",,"Owensboro KY","Kentucky"
33981,"Oroville CA",,"Oroville CA","California"
30136,"Abilene TX",,"Abilene TX","Texas"
33987,"Waterbury CT",,"Waterbury CT","Connecticut"
33984,"Norwood MA",,"Norwood MA","Massachusetts"
30135,"Allentown/Bethlehem/Easton PA",,"Allentown/Bethlehem/Easton PA","Pennsylvania"
34880,"Sleetmute AK",,"Sleetmute AK","Alaska"
30139,"Ambler AK",,"Ambler AK","Alaska"
30504,"Blue Bell PA",,"Blue Bell PA","Pennsylvania"
34082,"Punta Gorda FL",,"Punta Gorda FL","Florida"
31227,"Chefornak AK",,"Chefornak AK","Alaska"
30042,"Kiluda Bay AK",,"Kiluda Bay AK","Alaska"
31267,"Dayton OH",,"Dayton OH","Ohio"
35030,"Stuart FL",,"Stuart FL","Florida"
30982,"Chandler AZ",,"Chandler AZ","Arizona"
34400,"Mansfield MA",,"Mansfield MA","Massachusetts"
30980,"Chattanooga TN",,"Chattanooga TN","Tennessee"
32149,"Hickory NC",,"Hickory NC","North Carolina"
33806,"Kobuk AK",,"Kobuk AK","Alaska"
30294,"Ames IA",,"Ames IA","Iowa"
32141,"Healy AK",,"Healy AK","Alaska"
36699,"Fairbanks1 AK",,"Fairbanks1 AK","Alaska"
30299,"Anchorage AK",,"Anchorage AK","Alaska"
30298,"Anniston AL",,"Anniston AL","Alabama"
31588,"Eastsound WA",,"Eastsound WA","Washington"
31663,"Fremont NE",,"Fremont NE","Nebraska"
34081,"Page AZ",,"Page AZ","Arizona"
31669,"Frankfort KY",,"Frankfort KY","Kentucky"
34088,"Port Graham AK",,"Port Graham AK","Alaska"
31214,"Coldfoot AK",,"Coldfoot AK","Alaska"
31592,"Easton MD",,"Easton MD","Maryland"
31587,"Escanaba MI",,"Escanaba MI","Michigan"
30617,"Bishop CA",,"Bishop CA","California"
30615,"El Paso TX",,"El Paso TX","Texas"
32375,"Kirksville MO",,"Kirksville MO","Missouri"
30613,"Block Island RI",,"Block Island RI","Rhode Island"
34314,"Provo UT",,"Provo UT","Utah"
30349,"Arctic Village AK",,"Arctic Village AK","Alaska"
30348,"Ann Arbor MI",,"Ann Arbor MI","Michigan"
31742,"Scott KY",,"Scott KY","Kentucky"
34102,"Point Hope AK",,"Point Hope AK","Alaska"
34100,"Philadelphia PA",,"Philadelphia PA","Pennsylvania"
35049,"Savoonga AK",,"Savoonga AK","Alaska"
31563,"Wendover UT",,"Wendover UT","Utah"
31401,"Ketchikan AK",,"Ketchikan AK","Alaska"
34109,"Hattiesburg/Laurel MS",,"Hattiesburg/Laurel MS","Mississippi"
31402,"Haines AK",,"Haines AK","Alaska"
35041,"Sun Valley/Hailey/Ketchum ID",,"Sun Valley/Hailey/Ketchum ID","Idaho"
34321,"Portland ME",,"Portland ME","Maine"
30913,"Cordova AK",,"Cordova AK","Alaska"
32070,"Harrisburg PA",,"Harrisburg PA","Pennsylvania"
30918,"Cedar City UT",,"Cedar City UT","Utah"
33537,"Mount Vernon IL",,"Mount Vernon IL","Illinois"
34530,"Rifle CO",,"Rifle CO","Colorado"
34534,"Riverton/Lander WY",,"Riverton/Lander WY","Wyoming"
34833,"St. John VI",,"St. John VI","U.S. Virgin Islands"
34751,"Selinsgrove PA",,"Selinsgrove PA","Pennsylvania"
35707,"Stehekin WA",,"Stehekin WA","Washington"
33535,"Morrisville VT",,"Morrisville VT","Vermont"
36452,"Hamilton NY",,"Hamilton NY","New York"
31106,"Concord NH",,"Concord NH","New Hampshire"
33277,"Montgomery AL",,"Montgomery AL","Alabama"
31067,"Champaign/Urbana IL",,"Champaign/Urbana IL","Illinois"
31066,"Columbus OH",,"Columbus OH","Ohio"
30589,"Bar Harbor ME",,"Bar Harbor ME","Maine"
31315,"Dickinson ND",,"Dickinson ND","North Dakota"
31711,"Farmington NM",,"Farmington NM","New Mexico"
31317,"Diomede Island AK",,"Diomede Island AK","Alaska"
35843,"Worland WY",,"Worland WY","Wyoming"
31659,"Findlay OH",,"Findlay OH","Ohio"
33464,"Columbia TN",,"Columbia TN","Tennessee"
32436,"Inyokern CA",,"Inyokern CA","California"
33461,"Smyrna TN",,"Smyrna TN","Tennessee"
33463,"Martinsburg WV",,"Martinsburg WV","West Virginia"
31085,"Carlsbad NM",,"Carlsbad NM","New Mexico"
34627,"Russian Mission AK",,"Russian Mission AK","Alaska"
31086,"Chino CA",,"Chino CA","California"
35713,"Chincoteague VA",,"Chincoteague VA","Virginia"
34745,"Sidney MT",,"Sidney MT","Montana"
34744,"Sedona AZ",,"Sedona AZ","Arizona"
34628,"Rosario WA",,"Rosario WA","Washington"
33388,"Mammoth Lakes CA",,"Mammoth Lakes CA","California"
33389,"Athens TN",,"Athens TN","Tennessee"
30967,"Cape Girardeau MO",,"Cape Girardeau MO","Missouri"
32807,"St. Mary's AK",,"St. Mary's AK","Alaska"
30961,"Craig AK",,"Craig AK","Alaska"
35293,"Togiak AK",,"Togiak AK","Alaska"
33381,"Manley Hot Springs AK",,"Manley Hot Springs AK","Alaska"
32965,"Logan UT",,"Logan UT","Utah"
33418,"Manassas VA",,"Manassas VA","Virginia"
35725,"Beaver AK",,"Beaver AK","Alaska"
36529,"Northampton MA",,"Northampton MA","Massachusetts"
31364,"Danbury CT",,"Danbury CT","Connecticut"
35721,"Stebbins AK",,"Stebbins AK","Alaska"
31367,"Dora Bay AK",,"Dora Bay AK","Alaska"
31041,"Carlsbad CA",,"Carlsbad CA","California"
36526,"Belfast ME",,"Belfast ME","Maine"
33367,"Moline IL",,"Moline IL","Illinois"
30146,"Albany GA",,"Albany GA","Georgia"
33360,"Melbourne FL",,"Melbourne FL","Florida"
32982,"Lihue HI",,"Lihue HI","Hawaii"
33200,"McCook NE",,"McCook NE","Nebraska"
30141,"Aberdeen SD",,"Aberdeen SD","South Dakota"
30140,"Albuquerque NM",,"Albuquerque NM","New Mexico"
32661,"Key Largo FL",,"Key Largo FL","Florida"
33369,"Marshall AK",,"Marshall AK","Alaska"
34960,"Wichita Falls TX",,"Wichita Falls TX","Texas"
30347,"New Iberia LA",,"New Iberia LA","Louisiana"
34965,"Santa Ynez CA",,"Santa Ynez CA","California"
35660,"Arlington WA",,"Arlington WA","Washington"
33246,"Manteo NC",,"Manteo NC","North Carolina"
31885,"Ganes Creek AK",,"Ganes Creek AK","Alaska"
31884,"Spokane WA",,"Spokane WA","Washington"
34660,"Greeley CO",,"Greeley CO","Colorado"
35502,"Tunica MS",,"Tunica MS","Mississippi"
35048,"Sioux City IA",,"Sioux City IA","Iowa"
30466,"Phoenix AZ",,"Phoenix AZ","Arizona"
30460,"Waycross GA",,"Waycross GA","Georgia"
30017,"Red Lake AK",,"Red Lake AK","Alaska"
31049,"College Station/Bryan TX",,"College Station/Bryan TX","Texas"
31961,"New London/Groton CT",,"New London/Groton CT","Connecticut"
34842,"San Angelo TX",,"San Angelo TX","Texas"
30469,"Kalamazoo MI",,"Kalamazoo MI","Michigan"
31341,"Dolomi AK",,"Dolomi AK","Alaska"
30540,"Bedford MA",,"Bedford MA","Massachusetts"
33704,"Nelson Lagoon AK",,"Nelson Lagoon AK","Alaska"
35045,"Fairfield CA",,"Fairfield CA","California"
30272,"Alamosa CO",,"Alamosa CO","Colorado"
32244,"New Haven CT",,"New Haven CT","Connecticut"
32245,"Havre MT",,"Havre MT","Montana"
33667,"Norfolk VA",,"Norfolk VA","Virginia"
35971,"Willits CA",,"Willits CA","California"
36627,"Pittsburgh1 PA",,"Pittsburgh1 PA","Pennsylvania"
30868,"Columbia SC",,"Columbia SC","South Carolina"
34108,"Peoria IL",,"Peoria IL","Illinois"
35973,"Lakeport CA",,"Lakeport CA","California"
33841,"Northeast Cape AK",,"Northeast Cape AK","Alaska"
34288,"Pueblo CO",,"Pueblo CO","Colorado"
30317,"Lima OH",,"Lima OH","Ohio"
32187,"Hopkinsville KY",,"Hopkinsville KY","Kentucky"
30647,"Cleveland OH",,"Cleveland OH","Ohio"
30640,"Buckland AK",,"Buckland AK","Alaska"
30313,"Anvik AK",,"Anvik AK","Alaska"
30643,"Branson MO",,"Branson MO","Missouri"
32343,"International Falls MN",,"International Falls MN","Minnesota"
32068,"Hamilton OH",,"Hamilton OH","Ohio"
33964,"North Bend/Coos Bay OR",,"North Bend/Coos Bay OR","Oregon"
31406,"Platinum AK",,"Platinum AK","Alaska"
30792,"Buffalo NY",,"Buffalo NY","New York"
31703,"Newark NJ",,"Newark NJ","New Jersey"
34229,"Port Protection AK",,"Port Protection AK","Alaska"
31813,"Donlin Creek Mine AK",,"Donlin Creek Mine AK","Alaska"
33792,"Redding CA",,"Redding CA","California"
31391,"Fort Drum NY",,"Fort Drum NY","New York"
35396,"Ballinger TX",,"Ballinger TX","Texas"
32883,"Los Alamos NM",,"Los Alamos NM","New Mexico"
32603,"Grangeville ID",,"Grangeville ID","Idaho"
31720,"Funter Bay Alaska AK",,"Funter Bay Alaska AK","Alaska"
32745,"Kanab UT",,"Kanab UT","Utah"
34539,"Rockland ME",,"Rockland ME","Maine"
32743,"Moser Bay AK",,"Moser Bay AK","Alaska"
34218,"Prospect Creek AK",,"Prospect Creek AK","Alaska"
31410,"Drift River AK",,"Drift River AK","Alaska"
30268,"Waterloo IA",,"Waterloo IA","Iowa"
32748,"Kokhanok AK",,"Kokhanok AK","Alaska"
30033,"Alpine AK",,"Alpine AK","Alaska"
30030,"Port Vita AK",,"Port Vita AK","Alaska"
31684,"Franklin/Oil City PA",,"Franklin/Oil City PA","Pennsylvania"
31135,"Myrtle Beach SC",,"Myrtle Beach SC","South Carolina"
35167,"Teterboro NJ",,"Teterboro NJ","New Jersey"
30039,"Ivotuk AK",,"Ivotuk AK","Alaska"
31136,"Jacksonville FL",,"Jacksonville FL","Florida"
35163,"Roxboro NC",,"Roxboro NC","North Carolina"
35160,"Takotna AK",,"Takotna AK","Alaska"
31525,"Elko NV",,"Elko NV","Nevada"
36361,"Zanesville OH",,"Zanesville OH","Ohio"
36363,"Fernandina Beach FL",,"Fernandina Beach FL","Florida"
30005,"Little Squaw AK",,"Little Squaw AK","Alaska"
30819,"Bowling Green KY",,"Bowling Green KY","Kentucky"
35897,"West Yellowstone MT",,"West Yellowstone MT","Montana"
35440,"Waukesha WI",,"Waukesha WI","Wisconsin"
30815,"Beverly MA",,"Beverly MA","Massachusetts"
30817,"Brownwood TX",,"Brownwood TX","Texas"
30811,"Bartlesville OK",,"Bartlesville OK","Oklahoma"
32119,"Hagerstown MD",,"Hagerstown MD","Maryland"
36718,"Delaware OH",,"Delaware OH","Ohio"
36719,"Selmer TN",,"Selmer TN","Tennessee"
36710,"Haverhill NH",,"Haverhill NH","New Hampshire"
33241,"Meridian MS",,"Meridian MS","Mississippi"
36715,"Stonington ME",,"Stonington ME","Maine"
36716,"Scottsboro AL",,"Scottsboro AL","Alabama"
36717,"Bentonville AR",,"Bentonville AR","Arkansas"
34447,"Racine WI",,"Racine WI","Wisconsin"
30721,"Boston MA",,"Boston MA","Massachusetts"
34150,"Pellston MI",,"Pellston MI","Michigan"
31140,"Corpus Christi TX",,"Corpus Christi TX","Texas"
31637,"Fargo ND",,"Fargo ND","North Dakota"
30085,"Chinitna Bay AK",,"Chinitna Bay AK","Alaska"
30082,"Cold Bay AK",,"Cold Bay AK","Alaska"
31146,"Charleston/Dunbar WV",,"Charleston/Dunbar WV","West Virginia"
30728,"Beaumont/Port Arthur TX",,"Beaumont/Port Arthur TX","Texas"
31454,"Orlando FL",,"Orlando FL","Florida"
31453,"Houston TX",,"Houston TX","Texas"
34785,"Springfield OH",,"Springfield OH","Ohio"
35171,"Tatitlek AK",,"Tatitlek AK","Alaska"
34783,"Springfield MO",,"Springfield MO","Missouri"
34543,"Rock Springs WY",,"Rock Springs WY","Wyoming"
34542,"Poteau OK",,"Poteau OK","Oklahoma"
33587,"Marana AZ",,"Marana AZ","Arizona"
35093,"Shelbyville/Tullahoma TN",,"Shelbyville/Tullahoma TN","Tennessee"
35090,"Shemya AK",,"Shemya AK","Alaska"
35091,"Seal Bay AK",,"Seal Bay AK","Alaska"
35096,"Syracuse NY",,"Syracuse NY","New York"
30928,"Wichita KS",,"Wichita KS","Kansas"
30535,"Bridgeport CT",,"Bridgeport CT","Connecticut"
33105,"Cincinnati OH",,"Cincinnati OH","Kentucky"
36567,"Gold King 2 AK",,"Gold King 2 AK","Alaska"
32841,"King Cove AK",,"King Cove AK","Alaska"
30923,"Candle AK",,"Candle AK","Alaska"
33109,"Kalaupapa HI",,"Kalaupapa HI","Hawaii"
32844,"Kivalina AK",,"Kivalina AK","Alaska"
30927,"Caldwell NJ",,"Caldwell NJ","New Jersey"
32847,"Waterfall AK",,"Waterfall AK","Alaska"
31036,"Chicken AK",,"Chicken AK","Alaska"
35054,"Statesville NC",,"Statesville NC","North Carolina"
30543,"Benton Harbor/St. Joseph MI",,"Benton Harbor/St. Joseph MI","Michigan"
36311,"Nyac AK",,"Nyac AK","Alaska"
