id,label,timeset,Airport,City_name,State_name
14853,SKF,,SKF,"San Antonio TX",Texas
14533,RIV,,RIV,"Riverside CA",California
14919,SNP,,SNP,"St. Paul AK",Alaska
10299,ANC,,ANC,"Anchorage AK",Alaska
14856,SKK,,SKK,"Shaktoolik AK",Alaska
14679,SAN,,SAN,"San Diego CA",California
11825,FWL,,FWL,"Farewell AK",Alaska
11824,FWH,,FWH,"Dallas/Fort Worth TX",Texas
11827,FXE,,FXE,"Fort Lauderdale FL",Florida
14674,SAF,,SAF,"Santa Fe NM",New Mexico
14672,SAC,,SAC,"Sacramento CA",California
11823,FWA,,FWA,"Fort Wayne IN",Indiana
15024,STT,,STT,"Charlotte Amalie VI",U.S. Virgin Islands
13736,NQX,,NQX,"Key West FL",Florida
11540,ELP,,ELP,"El Paso TX",Texas
15027,STX,,STX,"Christiansted VI",U.S. Virgin Islands
13731,NPT,,NPT,"Newport RI",Rhode Island
11545,ELV,,ELV,"Elfin Cove AK",Alaska
11982,GRK,,GRK,"Killeen TX",Texas
11980,GRI,,GRI,"Grand Island NE",Nebraska
13301,MI2,,MI2,"Holland MI",Michigan
11986,GRR,,GRR,"Grand Rapids MI",Michigan
13739,NRB,,NRB,"Mayport FL",Florida
10298,ANB,,ANB,"Anniston AL",Alabama
11381,AA8,,AA8,"Deadhorse AK",Alaska
15707,WA6,,WA6,"Stehekin WA",Washington
14855,SKJ,,SKJ,"Sitkinak AK",Alaska
14987,SRV,,SRV,"Stony River AK",Alaska
14986,SRQ,,SRQ,"Sarasota/Bradenton FL",Florida
11388,DQH,,DQH,"Alpine AK",Alaska
13228,MDR,,MDR,"Medfra AK",Alaska
13087,LSV,,LSV,"Las Vegas NV",Nevada
11267,DAY,,DAY,"Dayton OH",Ohio
10581,BGR,,BGR,"Bangor ME",Maine
11859,GBH,,GBH,"Galbraith Lake AK",Alaska
13241,MEI,,MEI,"Meridian MS",Mississippi
12108,HFD,,HFD,"Hartford CT",Connecticut
13246,MEO,,MEO,"Manteo NC",North Carolina
16525,PA5,,PA5,"West Chester PA",Pennsylvania
13244,MEM,,MEM,"Memphis TN",Tennessee
10589,BHB,,BHB,"Bar Harbor ME",Maine
13249,MER,,MER,"Atwater CA",California
13297,MHV,,MHV,"Mojave CA",California
11856,GBD,,GBD,"Great Bend KS",Kansas
14922,SNS,,SNS,"Monterey CA",California
12932,LEB,,LEB,"Lebanon-Hanover NH",New Hampshire
10613,BID,,BID,"Block Island RI",Rhode Island
15618,VNY,,VNY,"Burbank CA",California
13024,LMT,,LMT,"Klamath Falls OR",Oregon
14218,PPC,,PPC,"Prospect Creek AK",Alaska
10204,AGN,,AGN,"Angoon AK",Alaska
12705,KKB,,KKB,"Kitoi Bay AK",Alaska
12704,KKA,,KKA,"Koyuk AK",Alaska
11280,DCK,,DCK,"Dahl Creek AK",Alaska
12709,KKI,,KKI,"Akiachak AK",Alaska
12708,KKH,,KKH,"Kongiganak AK",Alaska
11822,FVZ,,FVZ,"Deadhorse AK",Alaska
11283,DDC,,DDC,"Dodge City KS",Kansas
10208,AGS,,AGS,"Augusta GA",Georgia
15754,WHD,,WHD,"Hyder AK",Alaska
10967,CGI,,CGI,"Cape Girardeau MO",Missouri
11050,CLM,,CLM,"Port Angeles WA",Washington
14493,RDV,,RDV,"Red Devil AK",Alaska
11282,DCU,,DCU,"Decatur AL",Alabama
10961,CGA,,CGA,"Craig AK",Alaska
13028,LNI,,LNI,"Lonely AK",Alaska
14182,PNE,,PNE,"Philadelphia PA",Pennsylvania
15731,WCR,,WCR,"Chandalar AK",Alaska
12663,KFP,,KFP,"False Pass AK",Alaska
10198,AGC,,AGC,"Pittsburgh PA",Pennsylvania
13016,LMA,,LMA,"Lake Minchumina AK",Alaska
15855,WST,,WST,"Westerly RI",Rhode Island
15856,WSX,,WSX,"Westsound WA",Washington
15850,WSJ,,WSJ,"San Juan AK",Alaska
15511,UVA,,UVA,"Uvalde TX",Texas
15853,WSN,,WSN,"South Naknek AK",Alaska
13674,NHZ,,NHZ,"Brunswick ME",Maine
10800,BUR,,BUR,"Burbank CA",California
14543,RKS,,RKS,"Rock Springs WY",Wyoming
11547,ELY,,ELY,"Ely NV",Nevada
15534,LPR,,LPR,"Lorain/Elyria OH",Ohio
15532,UXR,,UXR,"Monument Valley UT",Utah
10464,AZ2,,AZ2,"Williams AZ",Arizona
15530,UXP,,UXP,"Bay St. Louis MS",Mississippi
14577,ROG,,ROG,"Rogers AR",Arkansas
14828,SIT,,SIT,"Sitka AK",Alaska
14457,RAP,,RAP,"Rapid City SD",South Dakota
11058,CLU,,CLU,"Columbus IN",Indiana
13546,MWH,,MWH,"Moses Lake WA",Washington
14321,PWM,,PWM,"Portland ME",Maine
12982,LIH,,LIH,"Lihue HI",Hawaii
14323,PWT,,PWT,"Bremerton WA",Washington
13543,MWA,,MWA,"Marion/Herrin IL",Illinois
13424,MOD,,MOD,"Modesto CA",California
13422,MOB,,MOB,"Mobile AL",Alabama
14695,SBM,,SBM,"Sheboygan WI",Wisconsin
14696,SBN,,SBN,"South Bend IN",Indiana
14691,SBD,,SBD,"San Bernardino CA",California
12018,GUP,,GUP,"Gallup NM",New Mexico
16429,6B0,,6B0,"Middlebury VT",Vermont
11684,FKL,,FKL,"Franklin/Oil City PA",Pennsylvania
16528,VA5,,VA5,"Richmond VA",Virginia
12016,GUM,,GUM,"Guam TT",U.S. Pacific Trust Territories and Possessions
14698,SBP,,SBP,"San Luis Obispo CA",California
12012,GUC,,GUC,"Gunnison CO",Colorado
15582,VEL,,VEL,"Vernal UT",Utah
11441,DUJ,,DUJ,"DuBois PA",Pennsylvania
15581,VEE,,VEE,"Venetie AK",Alaska
11447,DVL,,DVL,"Devils Lake ND",North Dakota
11445,DUT,,DUT,"Unalaska AK",Alaska
11762,FRD,,FRD,"Friday Harbor WA",Washington
15589,VGT,,VGT,"Las Vegas NV",Nevada
11764,FRG,,FRG,"East Farmingdale NY",New York
10333,APN,,APN,"Alpena MI",Michigan
12127,HHR,,HHR,"Burbank CA",California
11867,GCK,,GCK,"Garden City KS",Kansas
13868,OLS,,OLS,"Nogales AZ",Arizona
13865,OLM,,OLM,"Olympia WA",Washington
14810,SHN,,SHN,"Shelton WA",Washington
12598,JZT,,JZT,"Arlington TX",Texas
13862,OLF,,OLF,"Wolf Point MT",Montana
14122,PIT,,PIT,"Pittsburgh PA",Pennsylvania
15401,TXK,,TXK,"Texarkana AR",Arkansas
15406,TYE,,TYE,"Tyonek AK",Alaska
11399,DQS,,DQS,"Whitmore AZ",Arizona
12841,KVC,,KVC,"King Cove AK",Alaska
12847,KWF,,KWF,"Waterfall AK",Alaska
12844,KVL,,KVL,"Kivalina AK",Alaska
11003,CID,,CID,"Cedar Rapids/Iowa City IA",Iowa
11002,CIC,,CIC,"Chico CA",California
14520,RHI,,RHI,"Rhinelander WI",Wisconsin
11007,CIK,,CIK,"Chalkyitsik AK",Alaska
12523,JNU,,JNU,"Juneau AK",Alaska
14524,RIC,,RIC,"Richmond VA",Virginia
15498,UT1,,UT1,"Heber UT",Utah
15030,SUA,,SUA,"Stuart FL",Florida
11008,CIL,,CIL,"Council AK",Alaska
11122,CPR,,CPR,"Casper WY",Wyoming
10052,A39,,A39,"Ptarmigan Lake AK",Alaska
12129,HIB,,HIB,"Hibbing MN",Minnesota
12087,HCR,,HCR,"Holy Cross AK",Alaska
11615,EWB,,EWB,"New Bedford/Fall River MA",Massachusetts
11612,EVV,,EVV,"Evansville IN",Indiana
15680,VZE,,VZE,"Frazer Lake AK",Alaska
14332,PYM,,PYM,"Plymouth MA",Massachusetts
15086,SXQ,,SXQ,"Soldotna AK",Alaska
12124,HHH,,HHH,"Hilton Head SC",South Carolina
11618,EWR,,EWR,"New York NY",New Jersey
11619,EXI,,EXI,"Excursion Inlet AK",Alaska
10141,ABR,,ABR,"Aberdeen SD",South Dakota
10416,AUK,,AUK,"Alakanuk AK",Alaska
10414,AUG,,AUG,"Augusta/Waterville ME",Maine
10785,BTV,,BTV,"Burlington VT",Vermont
14037,PCA,,PCA,"Portage Creek AK",Alaska
10146,ABY,,ABY,"Albany GA",Georgia
14130,PKA,,PKA,"Napaskiak AK",Alaska
14131,PKB,,PKB,"Parkersburg WV",West Virginia
13908,OQI,,OQI,"Vrems AK",Alaska
10006,06A,,06A,"Kizhuyak AK",Alaska
10419,AUO,,AUO,"Auburn AL",Alabama
11941,GLV,,GLV,"Golovin AK",Alaska
11344,DMA,,DMA,"Tucson AZ",Arizona
14965,SQA,,SQA,"Santa Ynez CA",California
10385,AST,,AST,"Astoria/Seaside OR",Oregon
16568,NJ4,,NJ4,"Ocean City NJ",New Jersey
14778,SFZ,,SFZ,"Smithfield RI",Rhode Island
10380,ASN,,ASN,"Talladega AL",Alabama
11227,CYF,,CYF,"Chefornak AK",Alaska
14628,RSJ,,RSJ,"Rosario WA",Washington
10792,BUF,,BUF,"Buffalo NY",New York
15249,TLH,,TLH,"Tallahassee FL",Florida
15248,TLF,,TLF,"Telida AK",Alaska
13204,MCO,,MCO,"Orlando FL",Florida
13203,MCN,,MCN,"Macon GA",Georgia
15323,TRI,,TRI,"Bristol/Johnson City/Kingsport TN",Tennessee
12441,JAC,,JAC,"Jackson WY",Wyoming
10003,03A,,03A,"Granite Mountain AK",Alaska
15245,TLA,,TLA,"Teller AK",Alaska
10756,BRY,,BRY,"Bardstown KY",Kentucky
12448,JAN,,JAN,"Jackson/Vicksburg MS",Mississippi
11086,CNO,,CNO,"Chino CA",California
12235,HUS,,HUS,"Hughes AK",Alaska
15659,VWN,,VWN,"Parker AZ",Arizona
12236,HUT,,HUT,"Hutchinson KS",Kansas
12339,IND,,IND,"Indianapolis IN",Indiana
10157,ACV,,ACV,"Arcata/Eureka CA",California
13409,MNM,,MNM,"Marinette MI",Michigan
12335,IMT,,IMT,"Iron Mountain/Kingsfd MI",Michigan
14120,PIR,,PIR,"Pierre SD",South Dakota
16532,OH9,,OH9,"Medina OH",Ohio
10858,C02,,C02,"Bakersfield CA",California
14627,RSH,,RSH,"Russian Mission AK",Alaska
16536,TOI,,TOI,"Troy AL",Alabama
16537,LA1,,LA1,"Notchitoches LA",Louisiana
16534,FL6,,FL6,"Clewiston FL",Florida
10676,BLV,,BLV,"Belleville IL",Illinois
16102,YKN,,YKN,"Yankton SD",South Dakota
16101,YKM,,YKM,"Yakima WA",Washington
16539,IN4,,IN4,"Indianapolis IN",Indiana
15861,WTK,,WTK,"Noatak AK",Alaska
16561,AZ5,,AZ5,"Springerville AZ",Arizona
15862,WTL,,WTL,"Tuntutuliak AK",Alaska
15656,VWK,,VWK,"Saratoga Springs NY",New York
10562,BFM,,BFM,"Mobile AL",Alabama
10561,BFL,,BFL,"Bakersfield CA",California
12621,KBC,,KBC,"Birch Creek AK",Alaska
15448,UGS,,UGS,"Ugashik AK",Alaska
10243,AKK,,AKK,"Akhiok AK",Alaska
10569,BFT,,BFT,"Beaufort SC",South Carolina
10241,AKI,,AKI,"Akiak AK",Alaska
10247,AKP,,AKP,"Anaktuvuk Pass AK",Alaska
10245,AKN,,AKN,"King Salmon AK",Alaska
12815,KTB,,KTB,"Thorne Bay AK",Alaska
12591,JZM,,JZM,"Hog River AK",Alaska
13768,NUL,,NUL,"Nulato AK",Alaska
10096,A83,,A83,"Petrof Point AK",Alaska
10849,BZN,,BZN,"Bozeman MT",Montana
11531,ELD,,ELD,"El Dorado AR",Arkansas
13767,NUI,,NUI,"Nuiqsut AK",Alaska
11537,ELM,,ELM,"Elmira/Corning NY",New York
11535,ELI,,ELI,"Elim AK",Alaska
14816,SHX,,SHX,"Shageluk AK",Alaska
13111,LUR,,LUR,"Cape Lisburne AK",Alaska
14814,SHV,,SHV,"Shreveport LA",Louisiana
11865,GCC,,GCC,"Gillette WY",Wyoming
14812,SHR,,SHR,"Sheridan WY",Wyoming
13115,LVD,,LVD,"Lime Village AK",Alaska
12007,GTR,,GTR,"Columbus MS",Mississippi
11869,GCN,,GCN,"Grand Canyon AZ",Arizona
14819,SIG,,SIG,"San Juan PR",Puerto Rico
13055,LPS,,LPS,"Lopez Island WA",Washington
10692,BMX,,BMX,"Big Mountain AK",Alaska
13841,OHC,,OHC,"Northeast Cape AK",Alaska
13450,MPV,,MPV,"Montpelier/Barre VT",Vermont
12511,JLN,,JLN,"Joplin MO",Missouri
14711,SCE,,SCE,"State College PA",Pennsylvania
14712,SCF,,SCF,"Phoenix AZ",Arizona
14713,SCH,,SCH,"Schenectady NY",New York
12055,GYY,,GYY,"Chicago IL",Indiana
15785,WLK,,WLK,"Selawik AK",Alaska
14716,SCK,,SCK,"Stockton CA",California
14492,RDU,,RDU,"Raleigh/Durham NC",North Carolina
14718,SCM,,SCM,"Scammon Bay AK",Alaska
12191,HOU,,HOU,"Houston TX",Texas
13502,MTJ,,MTJ,"Montrose/Delta CO",Colorado
13504,MTM,,MTM,"Metlakatla AK",Alaska
12195,HPB,,HPB,"Hooper Bay AK",Alaska
12945,LEX,,LEX,"Lexington KY",Kentucky
12197,HPN,,HPN,"New York NY",New York
13549,MWO,,MWO,"Middletown OH",Ohio
10630,BJC,,BJC,"Broomfield CO",Colorado
12758,KOA,,KOA,"Kona HI",Hawaii
10361,ART,,ART,"Watertown NY",New York
12755,KNW,,KNW,"New Stuyahok AK",Alaska
10834,BYA,,BYA,"Boundary AK",Alaska
10938,CEM,,CEM,"Central AK",Alaska
12549,JRF,,JRF,"Kapolei HI",Hawaii
15838,WQZ,,WQZ,"Chignik Lake AK",Alaska
12944,LEW,,LEW,"Lewiston/Auburn ME",Maine
10930,CEC,,CEC,"Crescent City CA",California
10933,CEF,,CEF,"Chicopee Falls MA",Massachusetts
15447,UGN,,UGN,"Waukegan IL",Illinois
15446,UGI,,UGI,"Uganik AK",Alaska
15444,UGB,,UGB,"Pilot Point AK",Alaska
10194,AFW,,AFW,"Dallas/Fort Worth TX",Texas
12888,LAR,,LAR,"Laramie WY",Wyoming
12889,LAS,,LAS,"Las Vegas NV",Nevada
13940,ORT,,ORT,"Northway AK",Alaska
10053,A40,,A40,"Cape Simpson AK",Alaska
13942,ORV,,ORV,"Noorvik AK",Alaska
11479,ECG,,ECG,"Elizabeth City NC",North Carolina
12882,LAL,,LAL,"Tampa FL",Florida
13947,OSC,,OSC,"Oscoda MI",Michigan
16363,FHB,,FHB,"Fernandina Beach FL",Florida
13476,MRY,,MRY,"Monterey CA",California
12280,IDA,,IDA,"Idaho Falls ID",Idaho
11042,CLE,,CLE,"Cleveland OH",Ohio
11041,CLD,,CLD,"Carlsbad CA",California
12283,IDP,,IDP,"Independence KS",Kansas
13377,MLU,,MLU,"Monroe LA",Louisiana
13375,MLS,,MLS,"Miles City MT",Montana
16441,CT1,,CT1,"Plainville CT",Connecticut
16526,MA4,,MA4,"Marshfield MA",Massachusetts
15561,VBG,,VBG,"Lompoc CA",California
11049,CLL,,CLL,"College Station/Bryan TX",Texas
14648,RUT,,RUT,"Rutland VT",Vermont
13579,MYU,,MYU,"Mekoryuk AK",Alaska
12436,IYK,,IYK,"Inyokern CA",California
10084,A71,,A71,"Homer AK",Alaska
13574,MYK,,MYK,"May Creek AK",Alaska
13577,MYR,,MYR,"Myrtle Beach SC",South Carolina
14945,SPB,,SPB,"Charlotte Amalie VI",U.S. Virgin Islands
14880,SLQ,,SLQ,"Sleetmute AK",Alaska
11711,FMN,,FMN,"Farmington NM",New Mexico
11659,FDY,,FDY,"Findlay OH",Ohio
11452,DWA,,DWA,"Davis/Woodland/Winters CA",California
11719,FNL,,FNL,"Fort Collins/Loveland CO",Colorado
11656,FDK,,FDK,"Frederick MD",Maryland
11657,FDR,,FDR,"Frederick OK",Oklahoma
10063,A50,,A50,"Big Bay AK",Alaska
13830,OGG,,OGG,"Kahului HI",Hawaii
13832,OGS,,OGS,"Ogdensburg NY",New York
10065,A52,,A52,"Silver Salmon Creek AK",Alaska
15069,SWD,,SWD,"Seward AK",Alaska
11308,DHN,,DHN,"Dothan AL",Alabama
10349,ARC,,ARC,"Arctic Village AK",Alaska
14955,SPN,,SPN,"Saipan TT",U.S. Pacific Trust Territories and Possessions
13934,ORI,,ORI,"Port Lions AK",Alaska
10693,BNA,,BNA,"Nashville TN",Tennessee
13936,ORL,,ORL,"Orlando FL",Florida
13931,ORF,,ORF,"Newport News/Williamsburg VA",Virginia
13930,ORD,,ORD,"Chicago IL",Illinois
13933,ORH,,ORH,"Worcester MA",Massachusetts
15282,TNK,,TNK,"Tununak AK",Alaska
12370,IRC,,IRC,"Circle AK",Alaska
13200,MCK,,MCK,"McCook NE",Nebraska
15041,SUN,,SUN,"Sun Valley/Hailey/Ketchum ID",Idaho
15295,TOL,,TOL,"Toledo OH",Ohio
12375,IRK,,IRK,"Kirksville MO",Missouri
15045,SUU,,SUU,"Fairfield CA",California
12402,ITO,,ITO,"Hilo HI",Hawaii
15049,SVA,,SVA,"Savoonga AK",Alaska
15048,SUX,,SUX,"Sioux City IA",Iowa
12279,ICY,,ICY,"Icy Bay AK",Alaska
12278,ICT,,ICT,"Wichita KS",Kansas
10666,BLI,,BLI,"Bellingham WA",Washington
12175,HNS,,HNS,"Haines AK",Alaska
12173,HNL,,HNL,"Honolulu HI",Hawaii
12171,HNH,,HNH,"Hoonah AK",Alaska
10747,BRO,,BRO,"Brownsville TX",Texas
13480,MSC,,MSC,"Mesa AZ",Arizona
15671,VWZ,,VWZ,"Granite Creek Mine AK",Alaska
10744,BRL,,BRL,"Burlington IA",Iowa
13485,MSN,,MSN,"Madison WI",Wisconsin
13484,MSL,,MSL,"Muscle Shoals AL",Alabama
13487,MSP,,MSP,"Minneapolis MN",Minnesota
13486,MSO,,MSO,"Missoula MT",Montana
14101,PHN,,PHN,"Port Huron MI",Michigan
14100,PHL,,PHL,"Philadelphia PA",Pennsylvania
14102,PHO,,PHO,"Point Hope AK",Alaska
14107,PHX,,PHX,"Phoenix AZ",Arizona
13152,MA1,,MA1,"Edgartown MA",Massachusetts
14109,PIB,,PIB,"Hattiesburg/Laurel MS",Mississippi
14108,PIA,,PIA,"Peoria IL",Illinois
11834,FYV,,FYV,"Fayetteville AR",Arkansas
11833,FYU,,FYU,"Fort Yukon AK",Alaska
10529,BDL,,BDL,"Hartford CT",Connecticut
14843,SJU,,SJU,"San Juan PR",Puerto Rico
11274,DBQ,,DBQ,"Dubuque IA",Iowa
13689,NJK,,NJK,"El Centro CA",California
10449,AXN,,AXN,"Alexandria MN",Minnesota
11272,DBN,,DBN,"Dublin GA",Georgia
11577,ERI,,ERI,"Erie PA",Pennsylvania
13682,NIP,,NIP,"Jacksonville FL",Florida
13681,NIN,,NIN,"Ninilchik AK",Alaska
12878,LAF,,LAF,"Lafayette IN",Indiana
11278,DCA,,DCA,"Washington DC",Virginia
13685,NJ1,,NJ1,"Berlin NJ",New Jersey
14992,SSB,,SSB,"Christiansted VI",U.S. Virgin Islands
14993,SSC,,SSC,"Sumter SC",South Carolina
15215,TIQ,,TIQ,"Tinian TT",U.S. Pacific Trust Territories and Possessions
14996,SSI,,SSI,"Brunswick GA",Georgia
10190,AFK,,AFK,"Nebraska NE",Nebraska
11375,DOV,,DOV,"Dover DE",Delaware
11376,DPA,,DPA,"Chicago IL",Illinois
13158,MAF,,MAF,"Midland/Odessa TX",Texas
10590,IFP,,IFP,"Bullhead City AZ",Arizona
12306,LOT,,LOT,"Chicago IL",Illinois
13259,MFH,,MFH,"Mesquite NV",Nevada
11905,GGG,,GGG,"Longview TX",Texas
13255,MFD,,MFD,"Mansfield OH",Ohio
13256,MFE,,MFE,"Mission/McAllen/Edinburg TX",Texas
10599,BHM,,BHM,"Birmingham AL",Alabama
13398,MMU,,MMU,"Morristown NJ",New Jersey
15741,WFB,,WFB,"Ketchikan AK",Alaska
13949,OSH,,OSH,"Oshkosh WI",Wisconsin
15626,VQS,,VQS,"Vieques PR",Puerto Rico
10064,A51,,A51,"Wien Lake AK",Alaska
15624,VPS,,VPS,"Valparaiso FL",Florida
15399,TX7,,TX7,"Post TX",Texas
12902,LBL,,LBL,"Liberal KS",Kansas
11028,CKD,,CKD,"Crooked Creek AK",Alaska
12712,KKL,,KKL,"Karluk Lake AK",Alaska
16549,TX9,,TX9,"Winters TX",Texas
12492,JHM,,JHM,"Kapalua HI",Hawaii
10237,AKB,,AKB,"Atka AK",Alaska
11885,GEK,,GEK,"Ganes Creek AK",Alaska
11884,GEG,,GEG,"Spokane WA",Washington
16091,YIP,,YIP,"Detroit MI",Michigan
16542,RBW,,RBW,"Walterboro SC",South Carolina
16541,OBE,,OBE,"Okeechobee FL",Florida
12719,KLG,,KLG,"Kalskag AK",Alaska
14610,RQR,,RQR,"Harbor Springs MI",Michigan
12494,JHW,,JHW,"Jamestown NY",New York
16498,NY7,,NY7,"Skaneateles NY",New York
14197,POB,,POB,"Fayetteville NC",North Carolina
13756,NTD,,NTD,"Port Hueneme CA",California
12653,KEK,,KEK,"Ekwok AK",Alaska
14193,PNS,,PNS,"Pensacola FL",Florida
12141,HKB,,HKB,"Healy AK",Alaska
15411,TYR,,TYR,"Tyler TX",Texas
15843,WRL,,WRL,"Worland WY",Wyoming
15825,CWF,,CWF,"Lake Charles LA",Louisiana
14635,RSW,,RSW,"Fort Myers FL",Florida
14296,PUO,,PUO,"Prudhoe Bay AK",Alaska
12147,HKS,,HKS,"Jackson/Vicksburg MS",Mississippi
13029,LNK,,LNK,"Lincoln NE",Nebraska
10559,BFI,,BFI,"Seattle WA",Washington
10874,CAK,,CAK,"Cleveland OH",Ohio
15523,UXI,,UXI,"Calder Bay AK",Alaska
15527,UXM,,UXM,"47-Mile Mine AK",Alaska
15919,XNA,,XNA,"Fayetteville AR",Arkansas
15481,UOX,,UOX,"Oxford MS",Mississippi
15846,WSB,,WSB,"Steamboat Bay AK",Alaska
15897,WYS,,WYS,"West Yellowstone MT",Montana
14441,QSO,,QSO,"Southbridge MA",Massachusetts
12992,LIT,,LIT,"Little Rock AR",Arkansas
11123,CPS,,CPS,"St. Louis MO",Missouri
11317,DIO,,DIO,"Diomede Island AK",Alaska
11126,CPX,,CPX,"Culebra PR",Puerto Rico
13493,MSV,,MSV,"Monticello NY",New York
13432,MOS,,MOS,"Moses Point AK",Alaska
13433,MOT,,MOT,"Minot ND",North Dakota
13434,MOU,,MOU,"Mountain Village AK",Alaska
13490,MSS,,MSS,"Massena NY",New York
11085,CNM,,CNM,"Carlsbad NM",New Mexico
14539,RKD,,RKD,"Rockland ME",Maine
16552,NC8,,NC8,"Burlington NC",North Carolina
16311,ZNC,,ZNC,"Nyac AK",Alaska
14685,SAV,,SAV,"Savannah GA",Georgia
14314,PVU,,PVU,"Provo UT",Utah
14683,SAT,,SAT,"San Antonio TX",Texas
14081,PGA,,PGA,"Page AZ",Arizona
11697,FLL,,FLL,"Fort Lauderdale FL",Florida
11695,FLG,,FLG,"Flagstaff AZ",Arizona
15687,VZL,,VZL,"Los Alamitos CA",California
12003,GTF,,GTF,"Great Falls MT",Montana
14689,SBA,,SBA,"Santa Barbara CA",California
12266,IAH,,IAH,"Houston TX",Texas
16390,BVU,,BVU,"Beluga AK",Alaska
11459,DYS,,DYS,"Abilene TX",Texas
11592,ESN,,ESN,"Easton MD",Maryland
11456,DXR,,DXR,"Danbury CT",Connecticut
12265,IAG,,IAG,"Niagara Falls NY",New York
11450,DVT,,DVT,"Phoenix AZ",Arizona
16553,ME4,,ME4,"Oxford ME",Maine
15569,VCT,,VCT,"Victoria TX",Texas
14237,PRC,,PRC,"Prescott AZ",Arizona
13970,OTZ,,OTZ,"Kotzebue AK",Alaska
10309,ANP,,ANP,"Annapolis MD",Maryland
12870,KZH,,KZH,"Kizhuyak AK",Alaska
10307,ANN,,ANN,"Annette AK",Alaska
13871,OMA,,OMA,"Omaha NE",Nebraska
12079,HBH,,HBH,"Hobart Bay AK",Alaska
10304,ANI,,ANI,"Aniak AK",Alaska
10300,AND,,AND,"Anderson SC",South Carolina
15554,VAK,,VAK,"Chevak AK",Alaska
12134,HIK,,HIK,"Honolulu HI",Hawaii
16218,YUM,,YUM,"Yuma AZ",Arizona
13321,MIV,,MIV,"Millville NJ",New Jersey
11501,EGA,,EGA,"Chenega AK",Alaska
13282,MGW,,MGW,"Morgantown WV",West Virginia
15412,TYS,,TYS,"Knoxville TN",Tennessee
15008,STC,,STC,"St. Cloud MN",Minnesota
14435,QQY,,QQY,"San Marcos TX",Texas
11159,CSV,,CSV,"Crossville TN",Tennessee
11150,CSG,,CSG,"Columbus GA",Georgia
12243,HVC,,HVC,"Hopkinsville KY",Kentucky
14534,RIW,,RIW,"Riverton/Lander WY",Wyoming
14167,PML,,PML,"Port Moller AK",Alaska
14530,RIL,,RIL,"Rifle CO",Colorado
11013,CIU,,CIU,"Sault Ste. Marie MI",Michigan
11803,FVG,,FVG,"Wickenburg AZ",Arizona
11627,F70,,F70,"Murrieta/Temecula CA",California
11624,EYW,,EYW,"Key West FL",Florida
10620,BIL,,BIL,"Billings MT",Montana
11213,CXC,,CXC,"Chitina AK",Alaska
10469,AZO,,AZO,"Kalamazoo MI",Michigan
12136,HIO,,HIO,"Hillsboro OR",Oregon
10647,BKL,,BKL,"Cleveland OH",Ohio
10627,BIS,,BIS,"Bismarck/Mandan ND",North Dakota
10405,ATT,,ATT,"Atmautluak AK",Alaska
10154,ACK,,ACK,"Nantucket MA",Massachusetts
10155,ACT,,ACT,"Waco TX",Texas
10408,ATW,,ATW,"Appleton WI",Wisconsin
10409,ATY,,ATY,"Watertown SD",South Dakota
10158,ACY,,ACY,"Atlantic City NJ",New Jersey
11813,FVQ,,FVQ,"Donlin Creek Mine AK",Alaska
11977,GRB,,GRB,"Green Bay WI",Wisconsin
16490,AK2,,AK2,"Bear Fish Camp AK",Alaska
12132,HII,,HII,"Lake Havasu City AZ",Arizona
13809,OCF,,OCF,"Ocala FL",Florida
11337,DLH,,DLH,"Duluth MN",Minnesota
10397,ATL,,ATL,"Atlanta GA",Georgia
11230,CYM,,CYM,"Chatham AK",Alaska
14761,SFB,,SFB,"Sanford FL",Florida
10011,1G4,,1G4,"Peach Springs AZ",Arizona
13806,OBU,,OBU,"Kobuk AK",Alaska
11234,CYT,,CYT,"Cape Yakataga AK",Alaska
10016,A03,,A03,"Hallo Bay AK",Alaska
10015,A02,,A02,"Deadmans Bay AK",Alaska
11392,DQL,,DQL,"Anchorage AK",Alaska
13211,MCW,,MCW,"Mason City IA",Iowa
13198,MCI,,MCI,"Kansas City MO",Missouri
11391,DQK,,DQK,"Fort Drum NY",New York
14898,SMO,,SMO,"Burbank CA",California
13192,MCC,,MCC,"Sacramento CA",California
14895,SMK,,SMK,"St. Michael AK",Alaska
12478,JFK,,JFK,"New York NY",New York
14893,SMF,,SMF,"Sacramento CA",California
15257,TLT,,TLT,"Tuluksak AK",Alaska
13194,MCE,,MCE,"Merced CA",California
10511,BCE,,BCE,"Bryce Canyon UT",Utah
12348,INT,,INT,"Winston-Salem NC",North Carolina
12222,HTO,,HTO,"East Hampton NY",New York
12223,HTS,,HTS,"Ashland WV",West Virginia
10713,BOI,,BOI,"Boise ID",Idaho
10454,AXV,,AXV,"Wapakoneta OH",Ohio
12983,LIJ,,LIJ,"Long Island AK",Alaska
12343,INL,,INL,"International Falls MN",Minnesota
13732,NQA,,NQA,"Memphis TN",Tennessee
12228,HUF,,HUF,"Terre Haute IN",Indiana
13541,MVY,,MVY,"Martha's Vineyard MA",Massachusetts
14875,SLK,,SLK,"Saranac Lake/Lake Placid NY",New York
15709,WAA,,WAA,"Wales AK",Alaska
14877,SLN,,SLN,"Salina KS",Kansas
14871,SLE,,SLE,"Salem OR",Oregon
10272,ALS,,ALS,"Alamosa CO",Colorado
14656,RWI,,RWI,"Rocky Mount NC",North Carolina
11699,FLO,,FLO,"Florence SC",South Carolina
14400,QMN,,QMN,"Mansfield MA",Massachusetts
16505,AK3,,AK3,"Fairbanks AK",Alaska
14794,SGU,,SGU,"St. George UT",Utah
10279,AMA,,AMA,"Amarillo TX",Texas
14797,SGY,,SGY,"Skagway AK",Alaska
13821,ODW,,ODW,"Oak Harbor WA",Washington
11525,EKO,,EKO,"Elko NV",Nevada
11526,EKX,,EKX,"Elizabethtown KY",Kentucky
11527,EKY,,EKY,"Bessemer AL",Alabama
14092,PGV,,PGV,"Greenville NC",North Carolina
11522,EKA,,EKA,"Arcata/Eureka CA",California
11523,EKI,,EKI,"Elkhart IN",Indiana
11487,EDF,,EDF,"Anchorage AK",Alaska
11486,EDE,,EDE,"Edenton NC",North Carolina
12615,KAL,,KAL,"Kaltag AK",Alaska
10577,BGM,,BGM,"Binghamton NY",New York
10478,BAF,,BAF,"Westfield MA",Massachusetts
11481,ECP,,ECP,"Panama City FL",Florida
12610,KAE,,KAE,"Kake AK",Alaska
13894,OOK,,OOK,"Toksook AK",Alaska
14050,PDK,,PDK,"Atlanta GA",Georgia
13061,LRD,,LRD,"Laredo TX",Texas
13891,ONT,,ONT,"Burbank CA",California
11245,CZN,,CZN,"Chisana AK",Alaska
13710,NME,,NME,"Nightmute AK",Alaska
14025,PBG,,PBG,"Plattsburgh NY",New York
13715,NNL,,NNL,"Nondalton AK",Alaska
13714,NNK,,NNK,"Naknek AK",Alaska
13898,OPF,,OPF,"Fort Lauderdale FL",Florida
13899,OPH,,OPH,"Ophir AK",Alaska
11973,GPT,,GPT,"Gulfport/Biloxi MS",Mississippi
14802,SHD,,SHD,"Staunton VA",Virginia
11871,GDC,,GDC,"Greer SC",South Carolina
14804,SHG,,SHG,"Shungnak AK",Alaska
14805,SHH,,SHH,"Shishmaref AK",Alaska
14027,PBI,,PBI,"West Palm Beach/Palm Beach FL",Florida
13105,LUK,,LUK,"Cincinnati OH",Ohio
11879,GDV,,GDV,"Glendive MT",Montana
10455,AXX,,AXX,"Eagle Nest NM",New Mexico
14028,PBK,,PBK,"Pack Creek AK",Alaska
11961,GON,,GON,"New London/Groton CT",Connecticut
12954,LGB,,LGB,"Burbank CA",California
14485,RDB,,RDB,"Red Dog AK",Alaska
12956,LGD,,LGD,"La Grande OR",Oregon
14487,RDD,,RDD,"Redding CA",California
12951,LFT,,LFT,"Lafayette LA",Louisiana
12953,LGA,,LGA,"New York NY",New York
15177,TEX,,TEX,"Telluride CO",Colorado
14488,RDG,,RDG,"Reading PA",Pennsylvania
14489,RDM,,RDM,"Bend/Redmond OR",Oregon
15171,TEK,,TEK,"Tatitlek AK",Alaska
15170,TEH,,TEH,"Tetlin AK",Alaska
14273,PTH,,PTH,"Port Heiden AK",Alaska
14270,PTD,,PTD,"Port Alexander AK",Alaska
14275,PTK,,PTK,"Pontiac MI",Michigan
15774,WKK,,WKK,"Aleknagik AK",Alaska
11410,DRF,,DRF,"Drift River AK",Alaska
11411,DRG,,DRG,"Deering AK",Alaska
12769,KOT,,KOT,"Kotlik AK",Alaska
11413,DRO,,DRO,"Durango CO",Colorado
13621,NC3,,NC3,"Shelby NC",North Carolina
11415,DRT,,DRT,"Del Rio TX",Texas
13622,NC4,,NC4,"Currituck NC",North Carolina
11790,FTY,,FTY,"Atlanta GA",Georgia
13629,NCN,,NCN,"Chenega AK",Alaska
15794,WMO,,WMO,"White Mountain AK",Alaska
10821,BWI,,BWI,"Washington DC",Maryland
15203,THV,,THV,"York PA",Pennsylvania
10945,CEU,,CEU,"Clemson SC",South Carolina
15454,UIN,,UIN,"Quincy IL",Illinois
10396,ATK,,ATK,"Atqasuk AK",Alaska
11288,DEC,,DEC,"Decatur IL",Illinois
15458,UKI,,UKI,"Ukiah CA",California
11336,DLG,,DLG,"Dillingham AK",Alaska
14345,QAK,,QAK,"Port Clinton OH",Ohio
11295,DET,,DET,"Detroit MI",Michigan
14570,RNO,,RNO,"Reno NV",Nevada
13369,MLL,,MLL,"Marshall AK",Alaska
14572,RNT,,RNT,"Renton WA",Washington
11053,CLP,,CLP,"Clarks Point AK",Alaska
14574,ROA,,ROA,"Roanoke VA",Virginia
14576,ROC,,ROC,"Rochester NY",New York
11057,CLT,,CLT,"Charlotte NC",North Carolina
13360,MLB,,MLB,"Melbourne FL",Florida
14704,SBY,,SBY,"Salisbury MD",Maryland
15515,UXA,,UXA,"Lik Camp AK",Alaska
12185,HON,,HON,"Huron SD",South Dakota
13367,MLI,,MLI,"Moline IL",Illinois
15689,VZN,,VZN,"Wildman Creek AK",Alaska
11233,CYS,,CYS,"Cheyenne WY",Wyoming
11197,CVN,,CVN,"Clovis NM",New Mexico
13791,NZY,,NZY,"San Diego CA",California
14771,SFO,,SFO,"Oakland CA",California
11111,COU,,COU,"Columbia MO",Missouri
14470,RBN,,RBN,"Fort Jefferson FL",Florida
13564,MXY,,MXY,"McCarthy AK",Alaska
14475,RCA,,RCA,"Rapid City SD",South Dakota
14474,RBY,,RBY,"Ruby AK",Alaska
14477,RCE,,RCE,"Roche Harbor WA",Washington
15650,VWE,,VWE,"Chelan WA",Washington
11463,EAA,,EAA,"Eagle AK",Alaska
11198,CVO,,CVO,"Corvallis OR",Oregon
15991,YAK,,YAK,"Yakutat AK",Alaska
11468,EAR,,EAR,"Kearney NE",Nebraska
11702,FLT,,FLT,"Flat AK",Alaska
12216,HST,,HST,"Homestead FL",Florida
12884,LAN,,LAN,"Lansing MI",Michigan
15982,XXY,,XXY,"Fortuna CA",California
10819,BWG,,BWG,"Bowling Green KY",Kentucky
10728,BPT,,BPT,"Beaumont/Port Arthur TX",Texas
14972,SQV,,SQV,"Sequim WA",Washington
13307,MIE,,MIE,"Muncie/Anderson/Newcastle IN",Indiana
10010,1B1,,1B1,"Hudson NY",New York
11938,GLR,,GLR,"Gaylord MI",Michigan
10721,BOS,,BOS,"Boston MA",Massachusetts
12297,IGM,,IGM,"Kingman AZ",Arizona
10050,A37,,A37,"Kako AK",Alaska
16555,JWY,,JWY,"Midlothian/Waxahachie TX",Texas
15356,TTN,,TTN,"Trenton NJ",New Jersey
15427,UBF,,UBF,"Chatham MA",Massachusetts
15351,TTD,,TTD,"Troutdale OR",Oregon
15422,UAM,,UAM,"Guam TT",U.S. Pacific Trust Territories and Possessions
13926,OR2,,OR2,"Gleneden OR",Oregon
10683,BMG,,BMG,"Bloomington IN",Indiana
10538,BDY,,BDY,"Bandon OR",Oregon
13873,OME,,OME,"Nome AK",Alaska
15293,TOG,,TOG,"Togiak AK",Alaska
12822,KTS,,KTS,"Brevig Mission AK",Alaska
10685,BMI,,BMI,"Bloomington/Normal IL",Illinois
15195,THA,,THA,"Tullahoma TN",Tennessee
11027,CKB,,CKB,"Clarksburg/Fairmont WV",West Virginia
11448,DVN,,DVN,"Moline IL",Iowa
12389,ISN,,ISN,"Williston ND",North Dakota
15057,SVN,,SVN,"Savannah GA",Georgia
12831,KUK,,KUK,"Kasigluk AK",Alaska
12268,IAN,,IAN,"Kiana AK",Alaska
10348,ARB,,ARB,"Ann Arbor MI",Michigan
10615,BIF,,BIF,"El Paso TX",Texas
11931,GLH,,GLH,"Greenville MS",Mississippi
10617,BIH,,BIH,"Bishop CA",California
10616,BIG,,BIG,"Big Delta AK",Alaska
12263,IAB,,IAB,"Wichita KS",Kansas
12149,HKY,,HKY,"Hickory NC",North Carolina
13575,MYL,,MYL,"McCall ID",Idaho
10754,BRW,,BRW,"Barrow AK",Alaska
15250,TLJ,,TLJ,"Tatalina AK",Alaska
12264,IAD,,IAD,"Washington DC",Virginia
13495,MSY,,MSY,"New Orleans LA",Louisiana
14112,PIE,,PIE,"Tampa FL",Florida
14113,PIH,,PIH,"Pocatello ID",Idaho
16567,7AK,,7AK,"Akun AK",Alaska
12571,JVL,,JVL,"Beloit/Janesville WI",Wisconsin
10535,BDR,,BDR,"Bridgeport CT",Connecticut
13693,NKI,,NKI,"Naukiti AK",Alaska
14831,SJC,,SJC,"Oakland CA",California
12576,JXN,,JXN,"Jackson MI",Michigan
14119,PIP,,PIP,"Pilot Point AK",Alaska
13196,MCG,,MCG,"McGrath AK",Alaska
10439,AWK,,AWK,"Wake Island TT",U.S. Pacific Trust Territories and Possessions
11203,CWA,,CWA,"Mosinee WI",Wisconsin
10431,AVL,,AVL,"Asheville NC",North Carolina
11994,GSH,,GSH,"Goshen IN",Indiana
11563,ENV,,ENV,"Wendover UT",Utah
14057,PDX,,PDX,"Portland OR",Oregon
10434,AVP,,AVP,"Scranton/Wilkes-Barre PA",Pennsylvania
14054,PDT,,PDT,"Pendleton OR",Oregon
15221,TIX,,TIX,"Titusville FL",Florida
15220,TIW,,TIW,"Tacoma WA",Washington
14943,SOW,,SOW,"Show Low AZ",Arizona
10715,BOK,,BOK,"Brookings OR",Oregon
11367,DOF,,DOF,"Dora Bay AK",Alaska
13903,OQC,,OQC,"Cinder River Lodge AK",Alaska
16560,OR4,,OR4,"Bend OR",Oregon
12317,IKV,,IKV,"Ankeny IA",Iowa
12315,IKO,,IKO,"Nikolski AK",Alaska
12583,JZE,,JZE,"Trading Bay AK",Alaska
12307,II3,,II3,"De Kalb IL",Illinois
13381,MLY,,MLY,"Manley Hot Springs AK",Alaska
13221,MDH,,MDH,"Carbondale IL",Illinois
13388,MMH,,MMH,"Mammoth Lakes CA",California
13226,MDO,,MDO,"Middleton Island AK",Alaska
15887,WWT,,WWT,"Newtok AK",Alaska
15043,SUS,,SUS,"St. Louis MO",Missouri
15885,WWP,,WWP,"Whale Pass AK",Alaska
14234,PQS,,PQS,"Pilot Station AK",Alaska
14231,PQI,,PQI,"Presque Isle/Houlton ME",Maine
14942,SOV,,SOV,"Seldovia AK",Alaska
13863,OLH,,OLH,"Old Harbor AK",Alaska
16558,LA2,,LA2,"Hammond LA",Louisiana
12915,LCH,,LCH,"Lake Charles LA",Louisiana
12916,LCI,,LCI,"Laconia NH",New Hampshire
12917,LCK,,LCK,"Columbus OH",Ohio
12647,KDK,,KDK,"Kodiak AK",Alaska
11898,GFK,,GFK,"Grand Forks ND",North Dakota
12641,KCQ,,KCQ,"Chignik Lake AK",Alaska
10543,BEH,,BEH,"Benton Harbor/St. Joseph MI",Michigan
12728,KLW,,KLW,"Klawock AK",Alaska
10224,AIK,,AIK,"Aiken SC",South Carolina
10225,AIN,,AIN,"Wainwright AK",Alaska
12649,KEB,,KEB,"Nanwalek AK",Alaska
12721,KLN,,KLN,"Larsen Bay AK",Alaska
14601,RQI,,RQI,"Nixon Fork Mine AK",Alaska
11899,GFL,,GFL,"Glens Falls NY",New York
11517,EIL,,EIL,"Fairbanks AK",Alaska
10986,CHI,,CHI,"Chicago IL",Illinois
11511,EGX,,EGX,"Egegik AK",Alaska
10980,CHA,,CHA,"Chattanooga TN",Tennessee
13667,NGU,,NGU,"Newport News/Williamsburg VA",Virginia
11512,EHM,,EHM,"Cape Newenham AK",Alaska
14282,PTU,,PTU,"Platinum AK",Alaska
11298,DFW,,DFW,"Dallas/Fort Worth TX",Texas
11299,DGB,,DGB,"Danger Bay AK",Alaska
13535,MVL,,MVL,"Morrisville VT",Vermont
11292,DEN,,DEN,"Denver CO",Colorado
14288,PUB,,PUB,"Pueblo CO",Colorado
15839,WRB,,WRB,"Macon GA",Georgia
13139,LYH,,LYH,"Lynchburg VA",Virginia
13032,LNS,,LNS,"Lancaster PA",Pennsylvania
10540,BED,,BED,"Bedford MA",Massachusetts
15124,TAL,,TAL,"Tanana AK",Alaska
15708,WA7,,WA7,"Chelan WA",Washington
13917,OQS,,OQS,"Sandy AK",Alaska
11097,COD,,COD,"Cody WY",Wyoming
12642,KCR,,KCR,"Colorado Creek AK",Alaska
11092,CNY,,CNY,"Moab UT",Utah
16339,ZXF,,ZXF,"Illinois Creek AK",Alaska
15085,SXP,,SXP,"Sheldon Point AK",Alaska
15941,XWH,,XWH,"Aztec NM",New Mexico
11098,COE,,COE,"Coeur d'Alene ID",Idaho
10275,ALW,,ALW,"Walla Walla WA",Washington
14303,PUW,,PUW,"Pullman WA",Washington
14606,RQN,,RQN,"Cave Junction OR",Oregon
13520,MUE,,MUE,"Kamuela HI",Hawaii
14307,PVD,,PVD,"Boston MA",Rhode Island
14306,PVC,,PVC,"Provincetown MA",Massachusetts
15138,TBN,,TBN,"Fort Leonard Wood MO",Missouri
12965,LGU,,LGU,"Logan UT",Utah
12899,LBF,,LBF,"North Platte NE",Nebraska
12898,LBE,,LBE,"Latrobe PA",Pennsylvania
14738,SDP,,SDP,"Sandpoint AK",Alaska
12177,HOB,,HOB,"Hobbs NM",New Mexico
14730,SDF,,SDF,"Louisville KY",Kentucky
15879,WVL,,WVL,"Augusta/Waterville ME",Maine
14736,SDM,,SDM,"San Diego CA",California
12174,HNM,,HNM,"Hana HI",Hawaii
10221,AIA,,AIA,"Alliance NE",Nebraska
13537,MVN,,MVN,"Mount Vernon IL",Illinois
11587,ESC,,ESC,"Escanaba MI",Michigan
11582,ERV,,ERV,"Kerrville TX",Texas
11423,DSM,,DSM,"Des Moines IA",Iowa
12720,KLL,,KLL,"Levelock AK",Alaska
14792,SGR,,SGR,"Sugar Land TX",Texas
11588,ESD,,ESD,"Eastsound WA",Washington
10661,BLD,,BLD,"Boulder City NV",Nevada
15548,VA4,,VA4,"Leesburg VA",Virginia
12862,KY4,,KY4,"Henderson KY",Kentucky
10670,BLM,,BLM,"Belmar/Farmingdale NJ",New Jersey
11559,ENN,,ENN,"Nenana AK",Alaska
13003,LKK,,LKK,"Kulik Lake AK",Alaska
12866,KYK,,KYK,"Karluk AK",Alaska
12868,KYU,,KYU,"Koyukuk AK",Alaska
12869,KZB,,KZB,"Zachar Bay AK",Alaska
13968,OTS,,OTS,"Anacortes WA",Washington
10313,ANV,,ANV,"Anvik AK",Alaska
10643,BKG,,BKG,"Branson MO",Missouri
10640,BKC,,BKC,"Buckland AK",Alaska
10641,BKE,,BKE,"Baker OR",Oregon
16345,ZXM,,ZXM,"Saltery Cove AK",Alaska
15547,VA3,,VA3,"Marion/Wytheville VA",Virginia
15012,STG,,STG,"St. George Island AK",Alaska
16346,ZXN,,ZXN,"Clover Bay AK",Alaska
16428,L41,,L41,"Marble Canyon AZ",Arizona
16340,ZXH,,ZXH,"Chomondely Sound AK",Alaska
15016,STL,,STL,"St. Louis MO",Missouri
16342,ZXJ,,ZXJ,"Happy Harbour AK",Alaska
13290,MHK,,MHK,"Manhattan/Ft. Riley KS",Kansas
12244,HVN,,HVN,"New Haven CT",Connecticut
13292,MHM,,MHM,"Lake Minchumina AK",Alaska
10278,ALZ,,ALZ,"Lazy Bay AK",Alaska
13295,MHR,,MHR,"Sacramento CA",California
13296,MHT,,MHT,"Boston MA",New Hampshire
12245,HVR,,HVR,"Havre MT",Montana
11146,CRW,,CRW,"Charleston/Dunbar WV",West Virginia
14424,QQN,,QQN,"Woodlake CA",California
12103,HES,,HES,"Hermiston OR",Oregon
11140,CRP,,CRP,"Corpus Christi TX",Texas
13459,MQT,,MQT,"Marquette MI",Michigan
16503,ME2,,ME2,"Islesboro ME",Maine
14960,SPS,,SPS,"Wichita Falls TX",Texas
13452,MQB,,MQB,"Macomb IL",Illinois
11067,CMI,,CMI,"Champaign/Urbana IL",Illinois
11066,CMH,,CMH,"Columbus OH",Ohio
12559,JST,,JST,"Johnstown PA",Pennsylvania
15497,UST,,UST,"St. Augustine FL",Florida
11638,FAT,,FAT,"Fresno CA",California
11732,FPR,,FPR,"Fort Pierce FL",Florida
11637,FAR,,FAR,"Fargo ND",North Dakota
11630,FAI,,FAI,"Fairbanks AK",Alaska
11632,FAK,,FAK,"False Island AK",Alaska
13655,NEW,,NEW,"New Orleans LA",Louisiana
10004,04A,,04A,"Lik AK",Alaska
10005,05A,,05A,"Little Squaw AK",Alaska
10558,BFF,,BFF,"Scottsbluff NE",Nebraska
10008,08A,,08A,"Elizabeth Island AK",Alaska
13795,OAJ,,OAJ,"Jacksonville/Camp Lejeune NC",North Carolina
14091,PGS,,PGS,"Peach Springs AZ",Arizona
13796,OAK,,OAK,"Oakland CA",California
10165,ADK,,ADK,"Adak Island AK",Alaska
14013,PAQ,,PAQ,"Palmer AK",Alaska
10009,09A,,09A,"Homer AK",Alaska
13184,MBS,,MBS,"Saginaw/Bay City/Midland MI",Michigan
12544,JQF,,JQF,"CONCORD NC",North Carolina
11327,DJN,,DJN,"Delta Junction AK",Alaska
13182,MBL,,MBL,"Manistee/Ludington MI",Michigan
13464,MRC,,MRC,"Columbia TN",Tennessee
10982,CHD,,CHD,"Chandler AZ",Arizona
12819,KTN,,KTN,"Ketchikan AK",Alaska
13348,MKL,,MKL,"Jackson TN",Tennessee
10347,ARA,,ARA,"New Iberia LA",Louisiana
10427,AUZ,,AUZ,"Aurora IL",Illinois
11484,EDA,,EDA,"Edna Bay AK",Alaska
15061,SVS,,SVS,"Stevens Village AK",Alaska
15063,SVW,,SVW,"Sparrevohn AK",Alaska
11617,EWN,,EWN,"New Bern/Morehead/Beaufort NC",North Carolina
15304,TPA,,TPA,"Tampa FL",Florida
10463,AZ1,,AZ1,"Grand Canyon AZ",Arizona
10654,BKW,,BKW,"Beckley WV",West Virginia
10868,CAE,,CAE,"Columbia SC",South Carolina
16519,PA4,,PA4,"Carlisle PA",Pennsylvania
12211,HSH,,HSH,"Las Vegas NV",Nevada
12217,HSV,,HSV,"Huntsville AL",Alabama
14150,PLN,,PLN,"Pellston MI",Michigan
12214,HSL,,HSL,"Huslia AK",Alaska
10136,ABI,,ABI,"Abilene TX",Texas
14098,PHF,,PHF,"Newport News/Williamsburg VA",Virginia
14320,PWK,,PWK,"Chicago IL",Illinois
14908,SNA,,SNA,"Burbank CA",California
12955,LGC,,LGC,"LaGrange GA",Georgia
11056,CLS,,CLS,"Chehalis WA",Washington
14863,SKW,,SKW,"Skwentna AK",Alaska
10266,ALM,,ALM,"Alamogordo NM",New Mexico
13536,MVM,,MVM,"Kayenta AZ",Arizona
10268,ALO,,ALO,"Waterloo IA",Iowa
12397,ITH,,ITH,"Ithaca/Cortland NY",New York
15841,WRG,,WRG,"Wrangell AK",Alaska
14905,SMX,,SMX,"Santa Maria CA",California
16515,WA9,,WA9,"Brewster WA",Washington
14869,SLC,,SLC,"Salt Lake City UT",Utah
10466,AZA,,AZA,"Phoenix AZ",Arizona
11550,EMK,,EMK,"Emmonak AK",Alaska
14082,PGD,,PGD,"Punta Gorda FL",Florida
10465,AZ3,,AZ3,"Phoenix AZ",Arizona
11555,ENA,,ENA,"Kenai AK",Alaska
14842,SJT,,SJT,"San Angelo TX",Texas
14088,PGM,,PGM,"Port Graham AK",Alaska
14089,PGO,,PGO,"Pagosa Springs CO",Colorado
11492,EEK,,EEK,"Eek AK",Alaska
11493,EEN,,EEN,"Keene NH",New Hampshire
11995,GSO,,GSO,"Greensboro/High Point NC",North Carolina
11495,EFD,,EFD,"Houston TX",Texas
11997,GST,,GST,"Gustavus AK",Alaska
11996,GSP,,GSP,"Greer SC",South Carolina
11396,DQP,,DQP,"Georgetown KY",Kentucky
13072,LRU,,LRU,"Las Cruces NM",New Mexico
13890,ONP,,ONP,"Newport OR",Oregon
13076,LSE,,LSE,"La Crosse WI",Wisconsin
11259,DAL,,DAL,"Dallas/Fort Worth TX",Texas
11257,DAG,,DAG,"Daggett CA",California
11174,CTX,,CTX,"Cortland NY",New York
11252,DAB,,DAB,"Daytona Beach FL",Florida
12599,JZU,,JZU,"Bennington VT",Vermont
13704,NLG,,NLG,"Nelson Lagoon AK",Alaska
11398,DQR,,DQR,"Peach Springs AZ",Arizona
13277,MGM,,MGM,"Montgomery AL",Alabama
10918,CDC,,CDC,"Cedar City UT",Utah
10631,BJI,,BJI,"Bemidji MN",Minnesota
14553,RME,,RME,"Rome NY",New York
11845,GAM,,GAM,"Gambell AK",Alaska
11844,GAL,,GAL,"Galena AK",Alaska
11842,GAI,,GAI,"Gaithersburg MD",Maryland
13176,MAZ,,MAZ,"Mayaguez PR",Puerto Rico
15601,VIS,,VIS,"Visalia CA",California
11193,CVG,,CVG,"Cincinnati OH",Kentucky
15605,VKS,,VKS,"Vicksburg MS",Mississippi
15607,VLD,,VLD,"Valdosta GA",Georgia
10140,ABQ,,ABQ,"Albuquerque NM",New Mexico
15160,TCT,,TCT,"Takotna AK",Alaska
11241,CZF,,CZF,"Cape Romanzof AK",Alaska
14236,PRB,,PRB,"San Luis Obispo CA",California
15163,TDF,,TDF,"Roxboro NC",North Carolina
15167,TEB,,TEB,"Teterboro NJ",New Jersey
12774,KPC,,KPC,"Port Clarence AK",Alaska
13728,NPA,,NPA,"Pensacola FL",Florida
10216,AHN,,AHN,"Athens GA",Georgia
14268,PTA,,PTA,"Port Alsworth AK",Alaska
12771,KOY,,KOY,"Olga Bay AK",Alaska
12772,KOZ,,KOZ,"Ouzinkie AK",Alaska
12773,KPB,,KPB,"Point Baker AK",Alaska
10504,BBX,,BBX,"Blue Bell PA",Pennsylvania
16566,NV2,,NV2,"Jean NV",Nevada
12778,KPM,,KPM,"Napamute AK",Alaska
12779,KPN,,KPN,"Kipnuk AK",Alaska
14262,PSP,,PSP,"Palm Springs CA",California
10185,AEX,,AEX,"Alexandria LA",Louisiana
10184,AET,,AET,"Allakaket AK",Alaska
16336,ZXC,,ZXC,"Gasquet CA",California
13264,MFR,,MFR,"Medford OR",Oregon
14062,PEC,,PEC,"Pelican AK",Alaska
12676,KGX,,KGX,"Grayling AK",Alaska
12671,KGK,,KGK,"Koliganek AK",Alaska
11946,GMT,,GMT,"Granite Mountain AK",Alaska
10965,CGF,,CGF,"Cleveland OH",Ohio
10817,BWD,,BWD,"Brownwood TX",Texas
10815,BVY,,BVY,"Beverly MA",Massachusetts
13002,LKE,,LKE,"Seattle WA",Washington
10950,CEZ,,CEZ,"Cortez CO",Colorado
10951,CFA,,CFA,"Coffee Point AK",Alaska
15842,WRI,,WRI,"Fort Dix NJ",New Jersey
13008,LKP,,LKP,"Lake Placid NY",New York
13109,LUP,,LUP,"Kalaupapa HI",Hawaii
13501,MTH,,MTH,"Marathon FL",Florida
16463,MD1,,MD1,"Michellville MD",Maryland
15971,XXN,,XXN,"Willits CA",California
15934,XWA,,XWA,"Granite Point AK",Alaska
16563,OEO,,OEO,"Osceola WI",Wisconsin
13034,LNY,,LNY,"Lanai HI",Hawaii
13410,MNN,,MNN,"Marion OH",Ohio
11673,FHU,,FHU,"Fort Huachuca AZ",Arizona
14588,ROW,,ROW,"Roswell NM",New Mexico
13415,MNT,,MNT,"Minto AK",Alaska
15502,UTM,,UTM,"Tunica MS",Mississippi
13418,MNZ,,MNZ,"Manassas VA",Virginia
15700,VZY,,VZY,"Katmai Lodge AK",Alaska
15504,UTO,,UTO,"Utopia AK",Alaska
14582,ROP,,ROP,"Rota TT",U.S. Pacific Trust Territories and Possessions
14468,RBH,,RBH,"Brooks Lodge AK",Alaska
11109,COS,,COS,"Colorado Springs CO",Colorado
14747,SEA,,SEA,"Seattle WA",Washington
11675,FID,,FID,"Fishers Island NY",New York
14745,SDY,,SDY,"Sidney MT",Montana
14744,SDX,,SDX,"Sedona AZ",Arizona
15693,VZR,,VZR,"Katmai Bay AK",Alaska
10329,APF,,APF,"Naples FL",Florida
11106,CON,,CON,"Concord NH",New Hampshire
14467,RBG,,RBG,"Roseburg OR",Oregon
11778,FSM,,FSM,"Fort Smith AR",Arkansas
11564,ENW,,ENW,"Kenosha WI",Wisconsin
11470,EAT,,EAT,"Wenatchee WA",Washington
11471,EAU,,EAU,"Eau Claire WI",Wisconsin
14783,SGF,,SGF,"Springfield MO",Missouri
12782,KPR,,KPR,"Port Williams AK",Alaska
12785,KPY,,KPY,"Port Bailey AK",Alaska
12784,KPV,,KPV,"Perryville AK",Alaska
12786,KQA,,KQA,"Akutan AK",Alaska
13851,OKC,,OKC,"Oklahoma City OK",Oklahoma
10325,APA,,APA,"Denver CO",Colorado
10324,AOS,,AOS,"Amook Bay AK",Alaska
10327,APC,,APC,"Napa CA",California
10739,BRD,,BRD,"Brainerd MN",Minnesota
10040,A27,,A27,"Pogo Mines AK",Alaska
10042,A29,,A29,"Kiluda Bay AK",Alaska
10732,BQN,,BQN,"Aguadilla PR",Puerto Rico
15676,VZA,,VZA,"Marvel Creek Mine AK",Alaska
10731,BQK,,BQK,"Brunswick GA",Georgia
15344,TSP,,TSP,"Tehachapi CA",California
13599,NAD,,NAD,"North Adams MA",Massachusetts
10027,A14,,A14,"Whitebear AK",Alaska
12851,KWK,,KWK,"Kwigillingok AK",Alaska
12853,KWN,,KWN,"Quinhagak AK",Alaska
12855,KWT,,KWT,"Kwethluk AK",Alaska
12854,KWP,,KWP,"West Point AK",Alaska
12857,KXA,,KXA,"Kasaan AK",Alaska
13914,OQP,,OQP,"Pumice AK",Alaska
11036,CKX,,CKX,"Chicken AK",Alaska
12255,HYS,,HYS,"Hays KS",Kansas
11035,CKV,,CKV,"Clarksville TN",Tennessee
12253,HYL,,HYL,"Hollis AK",Alaska
12252,HYG,,HYG,"Hydaburg AK",Alaska
12250,HYA,,HYA,"Hyannis MA",Massachusetts
15020,STP,,STP,"Minneapolis MN",Minnesota
15023,STS,,STS,"Santa Rosa CA",California
10076,A63,,A63,"Yukon Charley Rivvers AK",Alaska
13303,MIA,,MIA,"Fort Lauderdale FL",Florida
12390,ISO,,ISO,"Kinston NC",North Carolina
12391,ISP,,ISP,"New York NY",New York
12094,HDN,,HDN,"Hayden CO",Colorado
11076,CMX,,CMX,"Hancock/Houghton MI",Michigan
10020,A07,,A07,"Selawik AK",Alaska
11603,EUG,,EUG,"Eugene OR",Oregon
16353,ZXU,,ZXU,"North Kingstown RI",Rhode Island
12155,HLM,,HLM,"Holland MI",Michigan
12156,HLN,,HLN,"Helena MT",Montana
13788,NZC,,NZC,"Jacksonville FL",Florida
14044,PCT,,PCT,"Princeton NJ",New Jersey
10135,ABE,,ABE,"Allentown/Bethlehem/Easton PA",Pennsylvania
14046,PDB,,PDB,"Pedro Bay AK",Alaska
14040,PCE,,PCE,"Painter Creek AK",Alaska
15678,VZC,,VZC,"Mush Bay AK",Alaska
14125,PIZ,,PIZ,"Point Lay AK",Alaska
10139,ABL,,ABL,"Ambler AK",Alaska
11953,GNV,,GNV,"Gainesville FL",Florida
11952,GNU,,GNU,"Goodnews Bay AK",Alaska
10783,BTT,,BTT,"Bettles AK",Alaska
15599,VIK,,VIK,"Kavik River AK",Alaska
10781,BTR,,BTR,"Baton Rouge LA",Louisiana
15325,TRM,,TRM,"Palm Springs CA",California
11214,CXF,,CXF,"Coldfoot AK",Alaska
10423,AUS,,AUS,"Austin TX",Texas
10036,A23,,A23,"Bradley Lake AK",Alaska
11908,GGW,,GGW,"Glasgow MT",Montana
10033,A20,,A20,"Alpine AK",Alaska
12455,JBR,,JBR,"Jonesboro AR",Arkansas
12451,JAX,,JAX,"Jacksonville FL",Florida
12519,JMS,,JMS,"Jamestown ND",North Dakota
15271,TN2,,TN2,"Sparta TN",Tennessee
13984,OWD,,OWD,"Norwood MA",Massachusetts
11775,FSD,,FSD,"Sioux Falls SD",South Dakota
15236,TKJ,,TKJ,"Tok AK",Alaska
13987,OXC,,OXC,"Waterbury CT",Connecticut
15231,TKE,,TKE,"Tenakee AK",Alaska
13983,OWB,,OWB,"Owensboro KY",Kentucky
12323,ILM,,ILM,"Wilmington NC",North Carolina
10085,A72,,A72,"Chinitna Bay AK",Alaska
12321,ILI,,ILI,"Iliamna AK",Alaska
12320,ILG,,ILG,"Wilmington DE",Delaware
13507,MTP,,MTP,"Montauk Point NY",New York
12324,ILN,,ILN,"Wilmington OH",Ohio
13232,MDW,,MDW,"Chicago IL",Illinois
11921,GJT,,GJT,"Grand Junction CO",Colorado
13230,MDT,,MDT,"Harrisburg PA",Pennsylvania
15981,XXX,,XXX,"Mena AR",Arkansas
11924,GKN,,GKN,"Gulkana AK",Alaska
14938,SOP,,SOP,"Pinehurst/Southern Pines NC",North Carolina
14222,PPG,,PPG,"Pago Pago TT",U.S. Pacific Trust Territories and Possessions
15721,WBB,,WBB,"Stebbins AK",Alaska
14952,SPI,,SPI,"Springfield IL",Illinois
16524,PGC,,PGC,"Petersburg WV",West Virginia
16527,MVC,,MVC,"Monroeville AL",Alabama
15725,WBQ,,WBQ,"Beaver AK",Alaska
14229,PPV,,PPV,"Port Protection AK",Alaska
13697,N1C,,N1C,"Cherry Point NC",North Carolina
16133,YNG,,YNG,"Youngstown/Warren OH",Ohio
10556,BFB,,BFB,"Blue Fox Bay AK",Alaska
10557,BFD,,BFD,"Bradford PA",Pennsylvania
12633,KCC,,KCC,"Coffman Cove AK",Alaska
10322,AOO,,AOO,"Altoona PA",Pennsylvania
12635,KCG,,KCG,"Chignik Lake AK",Alaska
10551,BET,,BET,"Bethel AK",Alaska
14633,RST,,RST,"Rochester MN",Minnesota
12638,KCL,,KCL,"Chignik Lake AK",Alaska
10374,ASH,,ASH,"Nashua NH",New Hampshire
10257,ALB,,ALB,"Albany NY",New York
12737,KMO,,KMO,"Manokotak AK",Alaska
10857,C01,,C01,"Camarillo CA",California
13772,NUW,,NUW,"Whidbey Island WA",Washington
13771,NUQ,,NUQ,"Mountain View CA",California
13770,NUP,,NUP,"Nunapitchuk AK",Alaska
10436,AVW,,AVW,"Tucson AZ",Arizona
14749,SEE,,SEE,"San Diego CA",California
10917,CDB,,CDB,"Cold Bay AK",Alaska
10996,CHU,,CHU,"Chuathbaluk AK",Alaska
13827,OGA,,OGA,"Ogallala NE",Nebraska
10994,CHS,,CHS,"Charleston SC",South Carolina
13676,NIB,,NIB,"Nikolai AK",Alaska
11503,EGE,,EGE,"Eagle CO",Colorado
10990,CHO,,CHO,"Charlottesville VA",Virginia
10991,CHP,,CHP,"Circle Hot Springs AK",Alaska
16508,AK4,,AK4,"Squaw Lake AK",Alaska
13127,LWS,,LWS,"Lewiston ID",Idaho
13125,LWM,,LWM,"Lawrence MA",Massachusetts
13121,LWB,,LWB,"Lewisburg WV",West Virginia
15807,WOW,,WOW,"Willow AK",Alaska
15010,STE,,STE,"Mosinee WI",Wisconsin
13128,LWT,,LWT,"Lewistown MT",Montana
15153,TCL,,TCL,"Tuscaloosa AL",Alabama
15154,TCM,,TCM,"Tacoma WA",Washington
15090,SYA,,SYA,"Shemya AK",Alaska
15091,SYB,,SYB,"Seal Bay AK",Alaska
12365,IPT,,IPT,"Williamsport PA",Pennsylvania
15096,SYR,,SYR,"Syracuse NY",New York
14255,PSF,,PSF,"Pittsfield MA",Massachusetts
14254,PSE,,PSE,"Ponce PR",Puerto Rico
14256,PSG,,PSG,"Petersburg AK",Alaska
15793,WMK,,WMK,"Meyers Chuck AK",Alaska
14252,PSC,,PSC,"Pasco/Kennewick/Richland WA",Washington
12187,HOP,,HOP,"Hopkinsville KY",Kentucky
14316,PVY,,PVY,"Pope Vanoy AK",Alaska
12184,HOM,,HOM,"Homer AK",Alaska
14259,PSM,,PSM,"Portsmouth NH",New Hampshire
14258,PSK,,PSK,"Dublin VA",Virginia
14709,SCC,,SCC,"Deadhorse AK",Alaska
15798,WNA,,WNA,"Napakiak AK",Alaska
11883,GED,,GED,"Georgetown DE",Delaware
13540,MVW,,MVW,"Burlington/Mount Vernon WA",Washington
11165,CTH,,CTH,"Coatesville PA",Pennsylvania
12748,KNK,,KNK,"Kokhanok AK",Alaska
12745,KNB,,KNB,"Kanab UT",Utah
12743,KMY,,KMY,"Moser Bay AK",Alaska
10923,CDL,,CDL,"Candle AK",Alaska
16548,NH1,,NH1,"Hampton NH",New Hampshire
10927,CDW,,CDW,"Caldwell NJ",New Jersey
10926,CDV,,CDV,"Cordova AK",Alaska
10925,CDR,,CDR,"Chadron NE",Nebraska
11433,DTW,,DTW,"Detroit MI",Michigan
11430,DTO,,DTO,"Denton TX",Texas
12054,GYR,,GYR,"Phoenix AZ",Arizona
15385,TWA,,TWA,"Twin Hills AK",Alaska
15387,TWD,,TWD,"Port Townsend WA",Washington
15380,TVC,,TVC,"Traverse City MI",Michigan
15381,TVF,,TVF,"Thief River Falls MN",Minnesota
14962,SPW,,SPW,"Spencer IA",Iowa
12896,LBB,,LBB,"Lubbock TX",Texas
12891,LAW,,LAW,"Lawton/Fort Sill OK",Oklahoma
15389,TWF,,TWF,"Twin Falls ID",Idaho
10223,AID,,AID,"Anderson IN",Indiana
12892,LAX,,LAX,"Burbank CA",California
13342,MKE,,MKE,"Milwaukee WI",Wisconsin
16543,MA5,,MA5,"Northampton MA",Massachusetts
15478,UNK,,UNK,"Unalakleet AK",Alaska
15570,VCV,,VCV,"Victorville CA",California
16352,ZXT,,ZXT,"Cloverdale CA",California
13347,MKK,,MKK,"Hoolehua HI",Hawaii
13344,MKG,,MKG,"Muskegon MI",Michigan
15472,UMT,,UMT,"Umiat AK",Alaska
15579,VDZ,,VDZ,"Valdez AK",Alaska
16454,VGC,,VGC,"Hamilton NY",New York
14412,QQB,,QQB,"Keyes Point AK",Alaska
12190,HOT,,HOT,"Hot Springs AR",Arkansas
14559,RMP,,RMP,"Rampart AK",Alaska
10999,CHZ,,CHZ,"Chiloquin OR",Oregon
13964,OTH,,OTH,"North Bend/Coos Bay OR",Oregon
13587,MZJ,,MZJ,"Marana AZ",Arizona
13463,MRB,,MRB,"Martinsburg WV",West Virginia
12119,HGR,,HGR,"Hagerstown MD",Maryland
13461,MQY,,MQY,"Smyrna TN",Tennessee
14551,RLU,,RLU,"Bornite/Ruby Creek AK",Alaska
13467,MRI,,MRI,"Anchorage AK",Alaska
14554,RMG,,RMG,"Rome GA",Georgia
12294,IGG,,IGG,"Igiugig AK",Alaska
11726,FOE,,FOE,"Topeka KS",Kansas
11648,FCA,,FCA,"Kalispell MT",Montana
11725,FOD,,FOD,"Fort Dodge IA",Iowa
15973,XXP,,XXP,"Lakeport CA",California
11720,FNR,,FNR,"Funter Bay Alaska AK",Alaska
11721,FNT,,FNT,"Flint MI",Michigan
11641,FAY,,FAY,"Fayetteville NC",North Carolina
11643,FBK,,FBK,"Fairbanks AK",Alaska
16538,CTZ,,CTZ,"Clinton NC",North Carolina
11728,FOK,,FOK,"Westhampton NY",New York
15978,XXU,,XXU,"Ashland OR",Oregon
11789,FTW,,FTW,"Dallas/Fort Worth TX",Texas
10070,A57,,A57,"International Seafoods AK",Alaska
13781,NY1,,NY1,"Kingston NY",New York
16540,ME3,,ME3,"Belfast ME",Maine
15051,SVC,,SVC,"Silver City/Hurley NM",New Mexico
13785,NYL,,NYL,"Yuma AZ",Arizona
10170,ADQ,,ADQ,"Kodiak AK",Alaska
10171,ADS,,ADS,"Dallas/Fort Worth TX",Texas
10172,ADW,,ADW,"Camp Springs MD",Maryland
10775,BTI,,BTI,"Barter Island AK",Alaska
14004,PAE,,PAE,"Everett WA",Washington
12200,HQM,,HQM,"Hoquiam WA",Washington
14006,PAH,,PAH,"Paducah KY",Kentucky
12807,KSM,,KSM,"St. Mary's AK",Alaska
13829,OGD,,OGD,"Ogden UT",Utah
12553,JRV,,JRV,"Ceiba PR",Puerto Rico
15278,TNC,,TNC,"Tin City AK",Alaska
14512,RFD,,RFD,"Rockford IL",Illinois
11315,DIK,,DIK,"Dickinson ND",North Dakota
10372,ASE,,ASE,"Aspen CO",Colorado
10778,BTL,,BTL,"Battle Creek MI",Michigan
13824,OFF,,OFF,"Omaha NE",Nebraska
15546,VA2,,VA2,"Chesapeake VA",Virginia
15074,SWO,,SWO,"Stillwater OK",Oklahoma
10779,BTM,,BTM,"Butte MT",Montana
12363,IPL,,IPL,"El Centro CA",California
15070,SWF,,SWF,"New York NY",New York
15370,TUL,,TUL,"Tulsa OK",Oklahoma
12412,IWD,,IWD,"Ironwood MI",Michigan
15374,TUP,,TUP,"Tupelo MS",Mississippi
15376,TUS,,TUS,"Tucson AZ",Arizona
13656,NFL,,NFL,"Fallon NV",Nevada
10770,BSZ,,BSZ,"Bartletts AK",Alaska
10560,BFK,,BFK,"Denver CO",Colorado
12163,HMN,,HMN,"Alamogordo NM",New Mexico
12652,KEH,,KEH,"Seattle WA",Washington
13338,MJX,,MJX,"Toms River NJ",New Jersey
15014,STJ,,STJ,"St. Joseph MO",Missouri
12206,HRL,,HRL,"Harlingen/San Benito TX",Texas
12207,HRO,,HRO,"Harrison AR",Arkansas
13341,MKC,,MKC,"Kansas City MO",Missouri
12394,ISS,,ISS,"Wiscasset ME",Maine
13354,MKT,,MKT,"Mankato MN",Minnesota
